episode,gx,gy,mind,param,actions,states
1,5,5,softmax_β,0.5,"[3, 4, 4, 1, 3, 3, 1, 2, 2, 2, 4, 2, 3, 2, 2, 2, 2, 1, 1, 4, 4, 2, 2, 4, 3, 2, 1, 3, 3, 1, 3, 4, 2, 2, 3, 1, 1, 2, 2, 1, 1, 4, 4, 1, 4, 4, 4, 1]","[(1, 1), (1, 1), (2, 1), (3, 1), (3, 2), (2, 2), (1, 2), (1, 3), (1, 2), (1, 1), (1, 1), (2, 1), (2, 1), (1, 1), (1, 1), (1, 1), (1, 1), (1, 1), (1, 2), (1, 3), (2, 3), (2, 3), (2, 2), (2, 1), (3, 1), (2, 1), (2, 1), (2, 2), (1, 2), (1, 2), (1, 3), (1, 3), (2, 3), (2, 2), (2, 1), (1, 1), (1, 2), (1, 3), (1, 2), (1, 1), (1, 2), (1, 3), (2, 3), (2, 3), (2, 4), (3, 4), (4, 4), (5, 4), (5, 5)]"
2,5,5,softmax_β,0.5,"[4, 4, 1, 1, 4, 1, 4, 4, 4, 2, 1, 4, 2, 2, 3, 1, 4, 1, 2, 1, 2, 3, 1, 1, 1, 4]","[(1, 1), (2, 1), (3, 1), (3, 2), (3, 2), (4, 2), (4, 3), (5, 3), (5, 3), (5, 3), (5, 2), (5, 3), (5, 3), (5, 2), (5, 1), (4, 1), (4, 2), (5, 2), (5, 3), (5, 2), (5, 3), (5, 2), (4, 2), (4, 3), (4, 4), (4, 5), (5, 5)]"
3,5,5,softmax_β,0.5,"[2, 3, 3, 1, 1, 2, 2, 2, 2, 2, 2, 2, 3, 1, 1, 1, 1, 1, 4, 4, 4, 4]","[(1, 1), (1, 1), (1, 1), (1, 1), (1, 2), (1, 3), (1, 2), (1, 1), (1, 1), (1, 1), (1, 1), (1, 1), (1, 1), (1, 1), (1, 2), (1, 3), (1, 4), (1, 5), (1, 5), (2, 5), (3, 5), (4, 5), (5, 5)]"
4,5,5,softmax_β,0.5,"[3, 2, 2, 1, 2, 1, 3, 2, 4, 2, 2, 1, 1, 1, 2, 1, 2, 3, 4, 1, 4, 1, 4, 4]","[(1, 1), (1, 1), (1, 1), (1, 1), (1, 2), (1, 1), (1, 2), (1, 2), (1, 1), (2, 1), (2, 1), (2, 1), (2, 2), (2, 3), (2, 4), (2, 3), (2, 4), (2, 3), (1, 3), (2, 3), (2, 4), (3, 4), (3, 5), (4, 5), (5, 5)]"
5,5,5,softmax_β,0.5,"[3, 2, 1, 1, 1, 1, 3, 4, 2, 4, 2, 1, 1, 4, 2, 2, 1, 1, 1, 3, 4, 1, 3, 4, 2, 3, 2, 1, 1, 2, 4, 1, 4]","[(1, 1), (1, 1), (1, 1), (1, 2), (1, 3), (1, 4), (1, 5), (1, 5), (2, 5), (2, 4), (3, 4), (3, 4), (3, 5), (3, 5), (4, 5), (4, 4), (4, 3), (4, 4), (4, 5), (4, 5), (3, 5), (4, 5), (4, 5), (3, 5), (4, 5), (4, 4), (3, 4), (3, 4), (3, 5), (3, 5), (3, 4), (4, 4), (4, 5), (5, 5)]"
6,5,5,softmax_β,0.5,"[2, 4, 1, 2, 4, 3, 4, 1, 4, 4, 1, 1, 3, 1, 4]","[(1, 1), (1, 1), (2, 1), (2, 2), (2, 1), (3, 1), (2, 1), (3, 1), (3, 2), (4, 2), (5, 2), (5, 3), (5, 4), (4, 4), (4, 5), (5, 5)]"
7,5,5,softmax_β,0.5,"[4, 4, 4, 1, 2, 3, 3, 1, 4, 2, 4, 4, 3, 4, 1, 3, 1, 1, 4, 1]","[(1, 1), (2, 1), (3, 1), (4, 1), (4, 2), (4, 1), (3, 1), (2, 1), (2, 2), (3, 2), (3, 1), (4, 1), (5, 1), (4, 1), (5, 1), (5, 2), (4, 2), (4, 3), (4, 4), (5, 4), (5, 5)]"
8,5,5,softmax_β,0.5,"[3, 4, 2, 2, 2, 2, 3, 2, 1, 4, 1, 4, 1, 2, 1, 2, 3, 3, 4, 1, 1, 1, 4, 3, 4, 2, 1, 4, 3, 2, 1, 4, 3, 4, 4]","[(1, 1), (1, 1), (2, 1), (2, 1), (2, 1), (2, 1), (2, 1), (1, 1), (1, 1), (1, 2), (2, 2), (2, 3), (2, 3), (2, 4), (2, 3), (2, 4), (2, 3), (1, 3), (1, 3), (2, 3), (2, 4), (2, 5), (2, 5), (3, 5), (2, 5), (3, 5), (3, 4), (3, 5), (4, 5), (3, 5), (3, 4), (3, 5), (4, 5), (3, 5), (4, 5), (5, 5)]"
9,5,5,softmax_β,0.5,"[4, 4, 2, 2, 4, 1, 1, 2, 3, 4, 4, 4, 2, 1, 2, 2, 4, 2, 1, 2, 1, 1, 1, 3, 1, 2, 2, 4, 4, 1, 4, 4, 1]","[(1, 1), (2, 1), (3, 1), (3, 1), (3, 1), (4, 1), (4, 2), (4, 3), (4, 2), (3, 2), (4, 2), (5, 2), (5, 2), (5, 1), (5, 2), (5, 1), (5, 1), (5, 1), (5, 1), (5, 2), (5, 1), (5, 2), (5, 3), (5, 4), (4, 4), (4, 5), (4, 4), (4, 3), (5, 3), (5, 3), (5, 4), (5, 4), (5, 4), (5, 5)]"
10,5,5,softmax_β,0.5,"[1, 3, 1, 2, 3, 1, 3, 4, 2, 2, 3, 1, 4, 2, 4, 2, 1, 3, 4, 4, 3, 4, 1, 2, 1, 4, 1, 4, 1]","[(1, 1), (1, 2), (1, 2), (1, 3), (1, 2), (1, 2), (1, 3), (1, 3), (2, 3), (2, 2), (2, 1), (1, 1), (1, 2), (2, 2), (2, 1), (3, 1), (3, 1), (3, 2), (2, 2), (3, 2), (4, 2), (3, 2), (4, 2), (4, 3), (4, 2), (4, 3), (5, 3), (5, 4), (5, 4), (5, 5)]"
11,5,5,softmax_β,0.5,"[4, 2, 1, 4, 1, 1, 1, 4, 4, 3, 4, 2, 3, 2, 1, 1, 2, 3, 4, 4, 2, 1, 2, 1, 4, 4, 1, 4, 1, 1]","[(1, 1), (2, 1), (2, 1), (2, 2), (3, 2), (3, 2), (3, 2), (3, 2), (4, 2), (5, 2), (4, 2), (5, 2), (5, 1), (4, 1), (4, 1), (4, 2), (4, 3), (4, 2), (3, 2), (4, 2), (5, 2), (5, 1), (5, 2), (5, 1), (5, 2), (5, 2), (5, 2), (5, 3), (5, 3), (5, 4), (5, 5)]"
12,5,5,softmax_β,0.5,"[3, 1, 3, 4, 4, 1, 4, 2, 1, 4, 4, 1, 4, 3, 3, 4, 2, 4, 2, 1, 4, 1, 1, 3, 1, 3, 4, 4]","[(1, 1), (1, 1), (1, 2), (1, 2), (2, 2), (3, 2), (3, 2), (4, 2), (4, 1), (4, 2), (5, 2), (5, 2), (5, 3), (5, 3), (4, 3), (4, 3), (5, 3), (5, 2), (5, 2), (5, 1), (5, 2), (5, 2), (5, 3), (5, 4), (4, 4), (4, 5), (3, 5), (4, 5), (5, 5)]"
13,5,5,softmax_β,0.5,"[4, 1, 1, 1, 1, 1, 2, 2, 3, 1, 1, 1, 2, 4, 4, 3, 1, 4, 4, 1, 3, 1, 1, 1, 4, 4]","[(1, 1), (2, 1), (2, 2), (2, 3), (2, 4), (2, 5), (2, 5), (2, 4), (2, 3), (1, 3), (1, 4), (1, 5), (1, 5), (1, 4), (2, 4), (3, 4), (2, 4), (2, 5), (3, 5), (4, 5), (4, 5), (3, 5), (3, 5), (3, 5), (3, 5), (4, 5), (5, 5)]"
14,5,5,softmax_β,0.5,"[1, 4, 3, 1, 3, 4, 2, 4, 2, 2, 4, 1, 1, 3, 4, 2, 1, 3, 4, 1, 1]","[(1, 1), (1, 2), (2, 2), (1, 2), (1, 3), (1, 3), (2, 3), (2, 2), (3, 2), (3, 1), (3, 1), (4, 1), (4, 2), (4, 3), (4, 3), (5, 3), (5, 2), (5, 3), (4, 3), (5, 3), (5, 4), (5, 5)]"
15,5,5,softmax_β,0.5,"[3, 1, 3, 4, 1, 1, 1, 4, 3, 1, 4, 2, 4, 4, 3, 4, 1]","[(1, 1), (1, 1), (1, 2), (1, 2), (2, 2), (2, 3), (2, 4), (2, 5), (3, 5), (2, 5), (2, 5), (3, 5), (3, 4), (4, 4), (5, 4), (4, 4), (5, 4), (5, 5)]"
16,5,5,softmax_β,0.5,"[2, 3, 1, 1, 4, 1, 3, 3, 3, 3, 4, 2, 2, 4, 4, 1, 4, 3, 2, 3, 1, 4, 1, 1, 1, 2, 4, 4, 4, 2, 4, 1, 3, 4, 1]","[(1, 1), (1, 1), (1, 1), (1, 2), (1, 3), (2, 3), (2, 4), (1, 4), (1, 4), (1, 4), (1, 4), (2, 4), (2, 3), (2, 2), (3, 2), (4, 2), (4, 3), (5, 3), (4, 3), (4, 2), (3, 2), (3, 2), (4, 2), (4, 3), (4, 4), (4, 5), (4, 4), (5, 4), (5, 4), (5, 4), (5, 3), (5, 3), (5, 4), (4, 4), (5, 4), (5, 5)]"
17,5,5,softmax_β,0.5,"[4, 3, 2, 2, 3, 4, 2, 4, 1, 3, 1, 3, 2, 4, 1, 3, 3, 4, 1, 4, 2, 2, 3, 1, 3, 4, 4, 1, 2, 4, 1, 1, 3, 3, 3, 4, 1, 3, 3, 2, 4, 4, 4, 2, 3, 3, 1, 1, 2, 1, 1, 4]","[(1, 1), (2, 1), (1, 1), (1, 1), (1, 1), (1, 1), (2, 1), (2, 1), (3, 1), (3, 2), (2, 2), (2, 3), (1, 3), (1, 2), (2, 2), (2, 3), (1, 3), (1, 3), (2, 3), (2, 4), (3, 4), (3, 4), (3, 4), (2, 4), (2, 5), (1, 5), (2, 5), (3, 5), (3, 5), (3, 4), (4, 4), (4, 5), (4, 5), (3, 5), (2, 5), (1, 5), (2, 5), (2, 5), (1, 5), (1, 5), (1, 4), (2, 4), (3, 4), (4, 4), (4, 3), (4, 3), (4, 3), (4, 4), (4, 5), (4, 4), (4, 5), (4, 5), (5, 5)]"
18,5,5,softmax_β,0.5,"[4, 4, 3, 1, 4, 4, 1, 2, 4, 3, 3, 4, 1, 1, 4, 2, 2, 1, 3, 3, 4, 2, 1, 3, 3, 2, 1, 4, 1, 4, 4, 4, 1]","[(1, 1), (2, 1), (3, 1), (2, 1), (2, 2), (3, 2), (4, 2), (4, 3), (4, 2), (5, 2), (4, 2), (3, 2), (4, 2), (4, 3), (4, 4), (5, 4), (5, 3), (5, 2), (5, 3), (4, 3), (4, 3), (5, 3), (5, 2), (5, 3), (4, 3), (4, 3), (4, 2), (4, 3), (5, 3), (5, 4), (5, 4), (5, 4), (5, 4), (5, 5)]"
19,5,5,softmax_β,0.5,"[2, 3, 4, 3, 2, 1, 1, 4, 3, 2, 2, 2, 2, 2, 2, 4, 1, 1, 1, 3, 1, 4, 2, 4, 2, 1, 4, 4]","[(1, 1), (1, 1), (1, 1), (2, 1), (1, 1), (1, 1), (1, 2), (1, 3), (2, 3), (1, 3), (1, 2), (1, 1), (1, 1), (1, 1), (1, 1), (1, 1), (2, 1), (2, 2), (2, 3), (2, 4), (1, 4), (1, 5), (2, 5), (2, 4), (3, 4), (3, 4), (3, 5), (4, 5), (5, 5)]"
20,5,5,softmax_β,0.5,"[3, 4, 3, 3, 4, 1, 1, 1, 1, 4, 4, 1, 1, 4]","[(1, 1), (1, 1), (2, 1), (1, 1), (1, 1), (2, 1), (2, 2), (2, 3), (2, 4), (2, 5), (3, 5), (4, 5), (4, 5), (4, 5), (5, 5)]"
21,5,5,softmax_β,0.5,"[1, 1, 1, 4, 4, 1, 1, 4, 2, 4, 1]","[(1, 1), (1, 2), (1, 3), (1, 4), (2, 4), (3, 4), (3, 5), (3, 5), (4, 5), (4, 4), (5, 4), (5, 5)]"
22,5,5,softmax_β,0.5,"[2, 2, 4, 3, 4, 4, 1, 3, 1, 3, 4, 2, 3, 4, 1, 1, 1, 4, 4, 4]","[(1, 1), (1, 1), (1, 1), (2, 1), (1, 1), (2, 1), (3, 1), (3, 2), (2, 2), (2, 3), (1, 3), (2, 3), (2, 2), (1, 2), (2, 2), (2, 3), (2, 4), (2, 5), (3, 5), (4, 5), (5, 5)]"
23,5,5,softmax_β,0.5,"[4, 1, 1, 3, 1, 1, 1, 1, 1, 1, 4, 1, 2, 1, 4, 1, 2, 1, 4, 1, 2, 4, 1]","[(1, 1), (2, 1), (2, 2), (2, 3), (1, 3), (1, 4), (1, 5), (1, 5), (1, 5), (1, 5), (1, 5), (2, 5), (2, 5), (2, 4), (2, 5), (3, 5), (3, 5), (3, 4), (3, 5), (4, 5), (4, 5), (4, 4), (5, 4), (5, 5)]"
24,5,5,softmax_β,0.5,"[3, 3, 2, 1, 3, 2, 2, 4, 3, 2, 2, 4, 2, 4, 3, 1, 2, 3, 3, 2, 2, 1, 2, 4, 4, 4, 4, 1, 1, 1, 1]","[(1, 1), (1, 1), (1, 1), (1, 1), (1, 2), (1, 2), (1, 1), (1, 1), (2, 1), (1, 1), (1, 1), (1, 1), (2, 1), (2, 1), (3, 1), (2, 1), (2, 2), (2, 1), (1, 1), (1, 1), (1, 1), (1, 1), (1, 2), (1, 1), (2, 1), (3, 1), (4, 1), (5, 1), (5, 2), (5, 3), (5, 4), (5, 5)]"
25,5,5,softmax_β,0.5,"[4, 4, 1, 1, 4, 1, 4, 1, 3, 1, 2, 4, 1]","[(1, 1), (2, 1), (3, 1), (3, 2), (3, 2), (4, 2), (4, 3), (5, 3), (5, 4), (4, 4), (4, 5), (4, 4), (5, 4), (5, 5)]"
26,5,5,softmax_β,0.5,"[2, 2, 1, 1, 4, 3, 3, 4, 3, 4, 3, 4, 2, 1, 1, 1, 3, 2, 1, 1, 4, 3, 4, 3, 1, 3, 2, 1, 1, 3, 1, 3, 1, 1, 3, 4, 4, 4, 4]","[(1, 1), (1, 1), (1, 1), (1, 2), (1, 3), (2, 3), (1, 3), (1, 3), (2, 3), (1, 3), (2, 3), (1, 3), (2, 3), (2, 2), (2, 3), (2, 4), (2, 5), (1, 5), (1, 4), (1, 5), (1, 5), (2, 5), (1, 5), (2, 5), (1, 5), (1, 5), (1, 5), (1, 4), (1, 5), (1, 5), (1, 5), (1, 5), (1, 5), (1, 5), (1, 5), (1, 5), (2, 5), (3, 5), (4, 5), (5, 5)]"
27,5,5,softmax_β,0.5,"[3, 4, 1, 1, 3, 2, 1, 3, 4, 4, 2, 4, 4, 4, 4, 4, 1, 2, 4, 4, 1, 2, 3, 4, 2, 3, 2, 4, 4, 1, 1, 1, 2, 1, 2, 4, 4, 3, 2, 1, 2, 4, 4, 2, 3, 4, 4, 2, 4, 3, 2, 4, 1, 2, 1, 2, 3, 4, 1, 4, 1, 3, 4, 1, 4, 3, 1, 4]","[(1, 1), (1, 1), (2, 1), (2, 2), (2, 3), (1, 3), (1, 2), (1, 3), (1, 3), (2, 3), (2, 3), (2, 2), (3, 2), (4, 2), (5, 2), (5, 2), (5, 2), (5, 3), (5, 2), (5, 2), (5, 2), (5, 3), (5, 2), (4, 2), (5, 2), (5, 1), (4, 1), (4, 1), (5, 1), (5, 1), (5, 2), (5, 3), (5, 4), (5, 3), (5, 4), (5, 3), (5, 3), (5, 3), (4, 3), (4, 2), (4, 3), (4, 2), (5, 2), (5, 2), (5, 1), (4, 1), (5, 1), (5, 1), (5, 1), (5, 1), (4, 1), (4, 1), (5, 1), (5, 2), (5, 1), (5, 2), (5, 1), (4, 1), (5, 1), (5, 2), (5, 2), (5, 3), (4, 3), (5, 3), (5, 4), (5, 4), (4, 4), (4, 5), (5, 5)]"
28,5,5,softmax_β,0.5,"[1, 4, 1, 4, 2, 1, 1, 3, 3, 1, 2, 2, 2, 4, 4, 3, 1, 1, 2, 4, 1, 1, 4, 4, 4]","[(1, 1), (1, 2), (2, 2), (2, 3), (2, 3), (2, 2), (2, 3), (2, 4), (1, 4), (1, 4), (1, 5), (1, 4), (1, 3), (1, 2), (2, 2), (3, 2), (2, 2), (2, 3), (2, 4), (2, 3), (2, 3), (2, 4), (2, 5), (3, 5), (4, 5), (5, 5)]"
29,5,5,softmax_β,0.5,"[4, 4, 4, 1, 1, 4, 2, 2, 1, 1, 4, 1, 3, 2, 3, 2, 2, 1, 4, 3, 4, 1, 4, 2, 1, 1, 2, 1, 4, 2, 1, 1]","[(1, 1), (2, 1), (3, 1), (4, 1), (4, 2), (4, 3), (5, 3), (5, 2), (5, 1), (5, 2), (5, 3), (5, 3), (5, 4), (4, 4), (4, 3), (4, 3), (4, 2), (4, 1), (4, 2), (5, 2), (4, 2), (5, 2), (5, 3), (5, 3), (5, 2), (5, 3), (5, 4), (5, 3), (5, 4), (5, 4), (5, 3), (5, 4), (5, 5)]"
30,5,5,softmax_β,0.5,"[3, 1, 3, 3, 1, 4, 1, 4, 4, 1, 1, 4]","[(1, 1), (1, 1), (1, 2), (1, 2), (1, 2), (1, 3), (2, 3), (2, 4), (3, 4), (4, 4), (4, 5), (4, 5), (5, 5)]"
31,5,5,softmax_β,0.5,"[4, 3, 1, 2, 1, 2, 1, 4, 4, 3, 1, 1, 4, 1, 1, 2, 1, 4, 2, 1, 3, 1, 4, 4]","[(1, 1), (2, 1), (1, 1), (1, 2), (1, 1), (1, 2), (1, 1), (1, 2), (2, 2), (3, 2), (2, 2), (2, 3), (2, 4), (3, 4), (3, 5), (3, 5), (3, 4), (3, 5), (4, 5), (4, 4), (4, 5), (3, 5), (3, 5), (4, 5), (5, 5)]"
32,5,5,softmax_β,0.5,"[2, 1, 4, 4, 3, 1, 1, 1, 4, 1, 1, 3, 1, 2, 2, 4, 2, 4, 3, 4, 4, 1, 4, 4, 4, 1, 3, 4, 3, 4, 1]","[(1, 1), (1, 1), (1, 2), (2, 2), (3, 2), (2, 2), (2, 3), (2, 4), (2, 5), (3, 5), (3, 5), (3, 5), (2, 5), (2, 5), (2, 4), (2, 3), (2, 3), (2, 2), (3, 2), (2, 2), (3, 2), (4, 2), (4, 3), (5, 3), (5, 3), (5, 3), (5, 4), (4, 4), (5, 4), (4, 4), (5, 4), (5, 5)]"
33,5,5,softmax_β,0.5,"[4, 1, 1, 3, 1, 4, 4, 2, 1, 1, 2, 4, 2, 4, 2, 2, 1, 2, 3, 4, 3, 3, 2, 1, 4, 3, 4, 2, 2, 4, 4, 3, 1, 2, 4, 1, 3, 1, 1, 1, 4]","[(1, 1), (2, 1), (2, 2), (2, 3), (1, 3), (1, 4), (2, 4), (3, 4), (3, 4), (3, 5), (3, 5), (3, 4), (4, 4), (4, 3), (5, 3), (5, 2), (5, 1), (5, 2), (5, 1), (4, 1), (5, 1), (4, 1), (3, 1), (3, 1), (3, 2), (4, 2), (3, 2), (4, 2), (4, 1), (4, 1), (5, 1), (5, 1), (4, 1), (4, 2), (4, 1), (5, 1), (5, 2), (4, 2), (4, 3), (4, 4), (4, 5), (5, 5)]"
34,5,5,softmax_β,0.5,"[4, 1, 4, 2, 3, 4, 1, 4, 2, 1, 4, 1, 1, 4, 1]","[(1, 1), (2, 1), (2, 2), (3, 2), (3, 1), (2, 1), (3, 1), (3, 2), (4, 2), (4, 1), (4, 2), (5, 2), (5, 3), (5, 4), (5, 4), (5, 5)]"
35,5,5,softmax_β,0.5,"[4, 2, 4, 4, 4, 4, 3, 2, 3, 2, 4, 1, 3, 2, 4, 4, 3, 4, 1, 4, 1, 4, 1, 4, 2, 2, 1, 4, 1, 1]","[(1, 1), (2, 1), (2, 1), (3, 1), (4, 1), (5, 1), (5, 1), (4, 1), (4, 1), (3, 1), (3, 1), (4, 1), (4, 2), (3, 2), (3, 1), (4, 1), (5, 1), (4, 1), (5, 1), (5, 2), (5, 2), (5, 3), (5, 3), (5, 4), (5, 4), (5, 3), (5, 2), (5, 3), (5, 3), (5, 4), (5, 5)]"
36,5,5,softmax_β,0.5,"[1, 3, 2, 3, 2, 4, 2, 1, 4, 4, 1, 1, 1, 4]","[(1, 1), (1, 2), (1, 2), (1, 1), (1, 1), (1, 1), (2, 1), (2, 1), (2, 2), (3, 2), (4, 2), (4, 3), (4, 4), (4, 5), (5, 5)]"
37,5,5,softmax_β,0.5,"[3, 1, 4, 3, 1, 1, 1, 3, 4, 2, 4, 4, 4, 4, 3, 1, 2, 1, 4]","[(1, 1), (1, 1), (1, 2), (2, 2), (1, 2), (1, 3), (1, 4), (1, 5), (1, 5), (2, 5), (2, 4), (3, 4), (4, 4), (5, 4), (5, 4), (4, 4), (4, 5), (4, 4), (4, 5), (5, 5)]"
38,5,5,softmax_β,0.5,"[4, 3, 4, 2, 1, 2, 2, 3, 1, 1, 1, 3, 1, 4, 1, 1, 3, 2, 1, 1, 4, 2, 2, 1, 2, 4, 1, 2, 1, 2, 1, 4, 2, 1, 4, 3, 3, 1, 4, 4, 1, 2, 1, 1, 2, 4, 1]","[(1, 1), (2, 1), (1, 1), (2, 1), (2, 1), (2, 2), (2, 1), (2, 1), (1, 1), (1, 2), (1, 3), (1, 4), (1, 4), (1, 5), (2, 5), (2, 5), (2, 5), (1, 5), (1, 4), (1, 5), (1, 5), (2, 5), (2, 4), (2, 3), (2, 4), (2, 3), (2, 3), (2, 4), (2, 3), (2, 4), (2, 3), (2, 4), (3, 4), (3, 4), (3, 5), (4, 5), (3, 5), (2, 5), (2, 5), (3, 5), (4, 5), (4, 5), (4, 4), (4, 5), (4, 5), (4, 4), (5, 4), (5, 5)]"
39,5,5,softmax_β,0.5,"[1, 2, 4, 1, 4, 4, 1, 3, 3, 1, 1, 2, 1, 3, 2, 4, 3, 3, 1, 2, 4, 3, 1, 4, 1, 1, 4, 1, 4]","[(1, 1), (1, 2), (1, 1), (2, 1), (2, 2), (3, 2), (4, 2), (4, 3), (4, 3), (4, 3), (4, 4), (4, 5), (4, 4), (4, 5), (3, 5), (3, 4), (4, 4), (3, 4), (2, 4), (2, 5), (2, 4), (3, 4), (2, 4), (2, 5), (3, 5), (3, 5), (3, 5), (4, 5), (4, 5), (5, 5)]"
40,5,5,softmax_β,0.5,"[1, 4, 2, 1, 4, 4, 3, 3, 1, 4, 2, 4, 4, 4, 3, 3, 4, 4, 4, 4, 4, 2, 3, 3, 1, 3, 4, 4, 4, 2, 1, 1, 1, 4, 2, 3, 1, 4, 4, 1]","[(1, 1), (1, 2), (2, 2), (2, 1), (2, 2), (3, 2), (4, 2), (3, 2), (2, 2), (2, 3), (2, 3), (2, 2), (3, 2), (4, 2), (5, 2), (4, 2), (3, 2), (4, 2), (5, 2), (5, 2), (5, 2), (5, 2), (5, 1), (4, 1), (3, 1), (3, 2), (2, 2), (3, 2), (4, 2), (5, 2), (5, 1), (5, 2), (5, 3), (5, 4), (5, 4), (5, 3), (4, 3), (4, 4), (5, 4), (5, 4), (5, 5)]"
41,5,5,softmax_β,0.5,"[2, 4, 1, 3, 4, 4, 4, 1, 4, 4, 1, 1]","[(1, 1), (1, 1), (2, 1), (2, 2), (1, 2), (2, 2), (3, 2), (4, 2), (4, 3), (5, 3), (5, 3), (5, 4), (5, 5)]"
42,5,5,softmax_β,0.5,"[1, 1, 1, 1, 4, 1, 4, 4, 1, 4]","[(1, 1), (1, 2), (1, 3), (1, 4), (1, 5), (2, 5), (2, 5), (3, 5), (4, 5), (4, 5), (5, 5)]"
43,5,5,softmax_β,0.5,"[2, 4, 1, 1, 3, 1, 3, 1, 4, 3, 3, 3, 4, 4, 4, 2, 1, 2, 4, 3, 4, 3, 4, 4, 3, 1, 3, 1, 4, 4]","[(1, 1), (1, 1), (2, 1), (2, 2), (2, 3), (1, 3), (1, 4), (1, 4), (1, 5), (2, 5), (1, 5), (1, 5), (1, 5), (2, 5), (3, 5), (4, 5), (4, 4), (4, 5), (4, 4), (5, 4), (4, 4), (5, 4), (4, 4), (5, 4), (5, 4), (4, 4), (4, 5), (3, 5), (3, 5), (4, 5), (5, 5)]"
44,5,5,softmax_β,0.5,"[3, 4, 4, 1, 4, 1, 4, 1, 1]","[(1, 1), (1, 1), (2, 1), (3, 1), (3, 2), (4, 2), (4, 3), (5, 3), (5, 4), (5, 5)]"
45,5,5,softmax_β,0.5,"[4, 2, 4, 1, 1, 4, 3, 1, 4, 4, 4, 4, 3, 4, 1, 1, 2, 4, 1, 1]","[(1, 1), (2, 1), (2, 1), (3, 1), (3, 2), (3, 2), (4, 2), (3, 2), (3, 2), (4, 2), (5, 2), (5, 2), (5, 2), (4, 2), (5, 2), (5, 3), (5, 4), (5, 3), (5, 3), (5, 4), (5, 5)]"
46,5,5,softmax_β,0.5,"[4, 4, 4, 2, 2, 1, 1, 2, 1, 3, 3, 3, 1, 4, 4, 1]","[(1, 1), (2, 1), (3, 1), (4, 1), (4, 1), (4, 1), (4, 2), (4, 3), (4, 2), (4, 3), (4, 3), (4, 3), (4, 3), (4, 4), (5, 4), (5, 4), (5, 5)]"
47,5,5,softmax_β,0.5,"[2, 2, 2, 2, 1, 2, 4, 3, 3, 3, 3, 2, 4, 3, 3, 1, 1, 1, 4, 2, 4, 1, 4, 4, 4, 4, 1]","[(1, 1), (1, 1), (1, 1), (1, 1), (1, 1), (1, 2), (1, 1), (2, 1), (1, 1), (1, 1), (1, 1), (1, 1), (1, 1), (2, 1), (1, 1), (1, 1), (1, 2), (1, 3), (1, 4), (2, 4), (2, 3), (2, 3), (2, 4), (3, 4), (4, 4), (5, 4), (5, 4), (5, 5)]"
48,5,5,softmax_β,0.5,"[1, 4, 2, 4, 4, 4, 4, 1, 2, 1, 4, 3, 1, 4, 4, 1, 2, 1, 1]","[(1, 1), (1, 2), (2, 2), (2, 1), (3, 1), (4, 1), (5, 1), (5, 1), (5, 2), (5, 1), (5, 2), (5, 2), (4, 2), (4, 3), (5, 3), (5, 3), (5, 4), (5, 3), (5, 4), (5, 5)]"
49,5,5,softmax_β,0.5,"[1, 3, 1, 1, 4, 2, 1, 2, 4, 1, 1, 4, 4, 4]","[(1, 1), (1, 2), (1, 2), (1, 3), (1, 4), (2, 4), (2, 3), (2, 4), (2, 3), (2, 3), (2, 4), (2, 5), (3, 5), (4, 5), (5, 5)]"
50,5,5,softmax_β,0.5,"[3, 3, 1, 1, 1, 1, 2, 3, 3, 4, 4, 2, 1, 4, 4]","[(1, 1), (1, 1), (1, 1), (1, 2), (1, 3), (1, 4), (1, 5), (1, 4), (1, 4), (1, 4), (2, 4), (3, 4), (3, 4), (3, 5), (4, 5), (5, 5)]"
51,5,5,softmax_β,1.0,"[1, 1, 3, 1, 3, 1, 4, 4, 4, 4]","[(1, 1), (1, 2), (1, 3), (1, 3), (1, 4), (1, 4), (1, 5), (2, 5), (3, 5), (4, 5), (5, 5)]"
52,5,5,softmax_β,1.0,"[3, 1, 2, 1, 3, 4, 4, 4, 4, 3, 4, 1, 4, 1, 1]","[(1, 1), (1, 1), (1, 2), (1, 1), (1, 2), (1, 2), (2, 2), (3, 2), (4, 2), (5, 2), (4, 2), (5, 2), (5, 3), (5, 3), (5, 4), (5, 5)]"
53,5,5,softmax_β,1.0,"[3, 1, 2, 2, 4, 4, 2, 1, 3, 4, 1, 4, 1, 3, 2, 1, 4, 1, 1]","[(1, 1), (1, 1), (1, 2), (1, 1), (1, 1), (2, 1), (3, 1), (3, 1), (3, 2), (2, 2), (3, 2), (3, 2), (4, 2), (4, 3), (4, 3), (4, 2), (4, 3), (5, 3), (5, 4), (5, 5)]"
54,5,5,softmax_β,1.0,"[4, 4, 3, 3, 2, 1, 4, 4, 1, 1, 4, 4, 1, 1, 1]","[(1, 1), (2, 1), (3, 1), (2, 1), (1, 1), (1, 1), (1, 2), (2, 2), (3, 2), (3, 2), (3, 2), (4, 2), (5, 2), (5, 3), (5, 4), (5, 5)]"
55,5,5,softmax_β,1.0,"[4, 1, 1, 3, 4, 2, 4, 1, 3, 3, 1, 3, 3, 2, 1, 1, 1, 3, 4, 2, 1, 4, 4, 4]","[(1, 1), (2, 1), (2, 2), (2, 3), (1, 3), (2, 3), (2, 2), (3, 2), (3, 2), (2, 2), (1, 2), (1, 3), (1, 3), (1, 3), (1, 2), (1, 3), (1, 4), (1, 5), (1, 5), (2, 5), (2, 4), (2, 5), (3, 5), (4, 5), (5, 5)]"
56,5,5,softmax_β,1.0,"[4, 2, 1, 4, 4, 3, 4, 4, 1, 1, 1]","[(1, 1), (2, 1), (2, 1), (2, 2), (3, 2), (4, 2), (3, 2), (4, 2), (5, 2), (5, 3), (5, 4), (5, 5)]"
57,5,5,softmax_β,1.0,"[1, 1, 1, 4, 1, 4, 4, 4]","[(1, 1), (1, 2), (1, 3), (1, 4), (2, 4), (2, 5), (3, 5), (4, 5), (5, 5)]"
58,5,5,softmax_β,1.0,"[1, 1, 4, 2, 1, 1, 4, 4, 4, 1]","[(1, 1), (1, 2), (1, 3), (2, 3), (2, 2), (2, 3), (2, 4), (3, 4), (4, 4), (5, 4), (5, 5)]"
59,5,5,softmax_β,1.0,"[4, 1, 1, 1, 4, 4, 2, 1, 4, 1]","[(1, 1), (2, 1), (2, 2), (2, 3), (2, 4), (3, 4), (4, 4), (4, 3), (4, 4), (5, 4), (5, 5)]"
60,5,5,softmax_β,1.0,"[4, 1, 1, 3, 4, 1, 1, 4, 1, 1, 4, 4]","[(1, 1), (2, 1), (2, 2), (2, 3), (1, 3), (2, 3), (2, 4), (2, 5), (3, 5), (3, 5), (3, 5), (4, 5), (5, 5)]"
61,5,5,softmax_β,1.0,"[3, 4, 1, 1, 3, 3, 3, 1, 4, 1, 2, 4, 1, 4, 4]","[(1, 1), (1, 1), (2, 1), (2, 2), (2, 3), (1, 3), (1, 3), (1, 3), (1, 4), (2, 4), (2, 5), (2, 4), (3, 4), (3, 5), (4, 5), (5, 5)]"
62,5,5,softmax_β,1.0,"[1, 1, 2, 1, 1, 4, 4, 2, 4, 4, 2, 1, 1]","[(1, 1), (1, 2), (1, 3), (1, 2), (1, 3), (1, 4), (2, 4), (3, 4), (3, 4), (4, 4), (5, 4), (5, 3), (5, 4), (5, 5)]"
63,5,5,softmax_β,1.0,"[4, 2, 1, 4, 1, 4, 1, 1, 2, 1, 4, 1]","[(1, 1), (2, 1), (2, 1), (2, 2), (3, 2), (3, 2), (4, 2), (4, 3), (4, 4), (4, 3), (4, 4), (5, 4), (5, 5)]"
64,5,5,softmax_β,1.0,"[4, 4, 1, 4, 4, 4, 1, 1, 1]","[(1, 1), (2, 1), (3, 1), (3, 2), (4, 2), (5, 2), (5, 2), (5, 3), (5, 4), (5, 5)]"
65,5,5,softmax_β,1.0,"[4, 2, 1, 4, 1, 3, 2, 4, 2, 4, 1, 3, 4, 1, 4, 1, 1]","[(1, 1), (2, 1), (2, 1), (2, 2), (3, 2), (3, 2), (2, 2), (2, 1), (3, 1), (3, 1), (4, 1), (4, 2), (3, 2), (4, 2), (4, 3), (5, 3), (5, 4), (5, 5)]"
66,5,5,softmax_β,1.0,"[4, 2, 4, 1, 4, 3, 4, 3, 2, 1, 4, 1, 1, 1, 1, 4]","[(1, 1), (2, 1), (2, 1), (3, 1), (3, 2), (4, 2), (3, 2), (4, 2), (3, 2), (3, 1), (3, 2), (4, 2), (4, 3), (4, 4), (4, 5), (4, 5), (5, 5)]"
67,5,5,softmax_β,1.0,"[1, 1, 4, 1, 4, 2, 2, 4, 1, 2, 2, 1, 1, 1, 4]","[(1, 1), (1, 2), (1, 3), (2, 3), (2, 4), (3, 4), (3, 4), (3, 4), (4, 4), (4, 5), (4, 4), (4, 3), (4, 4), (4, 5), (4, 5), (5, 5)]"
68,5,5,softmax_β,1.0,"[2, 1, 4, 4, 4, 1, 3, 4, 1, 1]","[(1, 1), (1, 1), (1, 2), (2, 2), (3, 2), (4, 2), (4, 3), (4, 3), (5, 3), (5, 4), (5, 5)]"
69,5,5,softmax_β,1.0,"[2, 1, 1, 4, 1, 1, 1, 4, 4, 4]","[(1, 1), (1, 1), (1, 2), (1, 3), (2, 3), (2, 4), (2, 5), (2, 5), (3, 5), (4, 5), (5, 5)]"
70,5,5,softmax_β,1.0,"[1, 1, 4, 1, 1, 4, 1, 2, 2, 4, 4, 1]","[(1, 1), (1, 2), (1, 3), (2, 3), (2, 4), (2, 5), (3, 5), (3, 5), (3, 4), (3, 4), (4, 4), (5, 4), (5, 5)]"
71,5,5,softmax_β,1.0,"[1, 1, 1, 1, 4, 4, 4, 4]","[(1, 1), (1, 2), (1, 3), (1, 4), (1, 5), (2, 5), (3, 5), (4, 5), (5, 5)]"
72,5,5,softmax_β,1.0,"[1, 1, 1, 4, 1, 4, 4, 4]","[(1, 1), (1, 2), (1, 3), (1, 4), (2, 4), (2, 5), (3, 5), (4, 5), (5, 5)]"
73,5,5,softmax_β,1.0,"[4, 4, 2, 1, 4, 1, 2, 4, 2, 1, 1, 1, 1]","[(1, 1), (2, 1), (3, 1), (3, 1), (3, 2), (4, 2), (4, 3), (4, 2), (5, 2), (5, 1), (5, 2), (5, 3), (5, 4), (5, 5)]"
74,5,5,softmax_β,1.0,"[2, 1, 2, 2, 2, 3, 3, 1, 1, 3, 4, 1, 1, 4, 4, 1, 4]","[(1, 1), (1, 1), (1, 2), (1, 1), (1, 1), (1, 1), (1, 1), (1, 1), (1, 2), (1, 3), (1, 3), (2, 3), (2, 4), (2, 5), (3, 5), (4, 5), (4, 5), (5, 5)]"
75,5,5,softmax_β,1.0,"[4, 4, 2, 1, 1, 4, 1, 1, 4, 1]","[(1, 1), (2, 1), (3, 1), (3, 1), (3, 2), (3, 2), (4, 2), (4, 3), (4, 4), (5, 4), (5, 5)]"
76,5,5,softmax_β,1.0,"[3, 2, 4, 4, 1, 3, 1, 4, 1, 1, 3, 1, 1, 4, 4, 4, 1, 4]","[(1, 1), (1, 1), (1, 1), (2, 1), (3, 1), (3, 2), (2, 2), (2, 3), (2, 3), (2, 4), (2, 5), (1, 5), (1, 5), (1, 5), (2, 5), (3, 5), (4, 5), (4, 5), (5, 5)]"
77,5,5,softmax_β,1.0,"[1, 3, 4, 4, 1, 4, 4, 4, 1, 4, 4, 1, 1]","[(1, 1), (1, 2), (1, 2), (2, 2), (3, 2), (3, 2), (4, 2), (5, 2), (5, 2), (5, 3), (5, 3), (5, 3), (5, 4), (5, 5)]"
78,5,5,softmax_β,1.0,"[1, 4, 3, 3, 4, 4, 4, 4, 3, 4, 2, 2, 2, 3, 2, 4, 1, 1, 1, 1]","[(1, 1), (1, 2), (2, 2), (1, 2), (1, 2), (2, 2), (3, 2), (4, 2), (5, 2), (4, 2), (5, 2), (5, 1), (5, 1), (5, 1), (4, 1), (4, 1), (5, 1), (5, 2), (5, 3), (5, 4), (5, 5)]"
79,5,5,softmax_β,1.0,"[1, 2, 1, 4, 1, 3, 4, 4, 1, 4, 4, 4, 1]","[(1, 1), (1, 2), (1, 1), (1, 2), (2, 2), (2, 3), (1, 3), (2, 3), (2, 3), (2, 4), (3, 4), (4, 4), (5, 4), (5, 5)]"
80,5,5,softmax_β,1.0,"[2, 1, 4, 1, 1, 2, 1, 4, 4, 1, 1, 4]","[(1, 1), (1, 1), (1, 2), (2, 2), (2, 3), (2, 4), (2, 3), (2, 4), (3, 4), (4, 4), (4, 5), (4, 5), (5, 5)]"
81,5,5,softmax_β,1.0,"[1, 1, 1, 4, 4, 1, 4, 4]","[(1, 1), (1, 2), (1, 3), (1, 4), (2, 4), (3, 4), (3, 5), (4, 5), (5, 5)]"
82,5,5,softmax_β,1.0,"[4, 3, 1, 3, 4, 4, 4, 4, 4, 4, 4, 1, 1, 1]","[(1, 1), (2, 1), (1, 1), (1, 2), (1, 2), (2, 2), (3, 2), (4, 2), (5, 2), (5, 2), (5, 2), (5, 2), (5, 3), (5, 4), (5, 5)]"
83,5,5,softmax_β,1.0,"[3, 4, 4, 4, 4, 1, 1, 1, 1]","[(1, 1), (1, 1), (2, 1), (3, 1), (4, 1), (5, 1), (5, 2), (5, 3), (5, 4), (5, 5)]"
84,5,5,softmax_β,1.0,"[1, 4, 4, 3, 2, 1, 4, 4, 4, 1, 1, 1]","[(1, 1), (1, 2), (2, 2), (3, 2), (2, 2), (2, 1), (2, 2), (3, 2), (4, 2), (5, 2), (5, 3), (5, 4), (5, 5)]"
85,5,5,softmax_β,1.0,"[1, 3, 1, 4, 1, 4, 4, 3, 4, 4, 1]","[(1, 1), (1, 2), (1, 2), (1, 3), (2, 3), (2, 4), (3, 4), (4, 4), (3, 4), (4, 4), (5, 4), (5, 5)]"
86,5,5,softmax_β,1.0,"[4, 1, 4, 2, 3, 1, 4, 3, 1, 1, 3, 3, 1, 1, 4, 4, 4, 4]","[(1, 1), (2, 1), (2, 2), (3, 2), (3, 1), (2, 1), (2, 2), (3, 2), (2, 2), (2, 3), (2, 4), (1, 4), (1, 4), (1, 5), (1, 5), (2, 5), (3, 5), (4, 5), (5, 5)]"
87,5,5,softmax_β,1.0,"[4, 1, 3, 1, 4, 1, 4, 2, 4, 1, 4]","[(1, 1), (2, 1), (2, 2), (1, 2), (1, 3), (2, 3), (2, 4), (3, 4), (3, 4), (4, 4), (4, 5), (5, 5)]"
88,5,5,softmax_β,1.0,"[2, 1, 3, 1, 3, 4, 4, 1, 1, 4, 1, 3, 4, 4, 4]","[(1, 1), (1, 1), (1, 2), (1, 2), (1, 3), (1, 3), (2, 3), (2, 3), (2, 4), (2, 5), (3, 5), (3, 5), (2, 5), (3, 5), (4, 5), (5, 5)]"
89,5,5,softmax_β,1.0,"[2, 2, 2, 4, 4, 4, 1, 4, 3, 4, 4, 4, 3, 3, 2, 1, 4, 4, 1, 1, 3, 1, 2, 1, 4]","[(1, 1), (1, 1), (1, 1), (1, 1), (2, 1), (3, 1), (4, 1), (4, 2), (5, 2), (4, 2), (5, 2), (5, 2), (5, 2), (4, 2), (3, 2), (3, 1), (3, 2), (4, 2), (5, 2), (5, 3), (5, 4), (4, 4), (4, 5), (4, 4), (4, 5), (5, 5)]"
90,5,5,softmax_β,1.0,"[3, 3, 1, 1, 1, 1, 4, 1, 4, 4, 4]","[(1, 1), (1, 1), (1, 1), (1, 2), (1, 3), (1, 4), (1, 5), (2, 5), (2, 5), (3, 5), (4, 5), (5, 5)]"
91,5,5,softmax_β,1.0,"[4, 4, 4, 4, 1, 4, 1, 1, 1]","[(1, 1), (2, 1), (3, 1), (4, 1), (5, 1), (5, 2), (5, 2), (5, 3), (5, 4), (5, 5)]"
92,5,5,softmax_β,1.0,"[1, 1, 3, 4, 1, 4, 3, 1, 1, 4, 4, 4]","[(1, 1), (1, 2), (1, 3), (1, 3), (2, 3), (2, 4), (3, 4), (2, 4), (2, 5), (2, 5), (3, 5), (4, 5), (5, 5)]"
93,5,5,softmax_β,1.0,"[4, 1, 1, 2, 4, 4, 1, 1, 4, 1]","[(1, 1), (2, 1), (2, 2), (2, 3), (2, 2), (3, 2), (4, 2), (4, 3), (4, 4), (5, 4), (5, 5)]"
94,5,5,softmax_β,1.0,"[1, 1, 1, 3, 1, 4, 4, 4, 4]","[(1, 1), (1, 2), (1, 3), (1, 4), (1, 4), (1, 5), (2, 5), (3, 5), (4, 5), (5, 5)]"
95,5,5,softmax_β,1.0,"[1, 4, 1, 2, 4, 3, 4, 4, 1, 4, 1, 1]","[(1, 1), (1, 2), (2, 2), (2, 3), (2, 2), (3, 2), (2, 2), (3, 2), (4, 2), (4, 3), (5, 3), (5, 4), (5, 5)]"
96,5,5,softmax_β,1.0,"[1, 3, 4, 1, 3, 2, 1, 4, 2, 4, 1, 4, 2, 4, 1, 1, 2, 1, 1, 4, 4, 4, 4, 4, 1]","[(1, 1), (1, 2), (1, 2), (2, 2), (2, 3), (1, 3), (1, 2), (1, 3), (2, 3), (2, 2), (3, 2), (3, 2), (4, 2), (4, 1), (5, 1), (5, 2), (5, 3), (5, 2), (5, 3), (5, 4), (5, 4), (5, 4), (5, 4), (5, 4), (5, 4), (5, 5)]"
97,5,5,softmax_β,1.0,"[1, 4, 4, 2, 4, 4, 1, 3, 4, 1, 2, 1, 1, 1]","[(1, 1), (1, 2), (2, 2), (3, 2), (3, 1), (4, 1), (5, 1), (5, 2), (4, 2), (5, 2), (5, 3), (5, 2), (5, 3), (5, 4), (5, 5)]"
98,5,5,softmax_β,1.0,"[3, 1, 1, 4, 1, 1, 4, 4, 1, 4]","[(1, 1), (1, 1), (1, 2), (1, 3), (2, 3), (2, 4), (2, 5), (3, 5), (4, 5), (4, 5), (5, 5)]"
99,5,5,softmax_β,1.0,"[3, 1, 1, 3, 4, 3, 4, 1, 2, 1, 1, 1, 3, 4, 1, 4, 1, 4, 4]","[(1, 1), (1, 1), (1, 2), (1, 3), (1, 3), (2, 3), (1, 3), (2, 3), (2, 4), (2, 3), (2, 4), (2, 5), (2, 5), (1, 5), (2, 5), (2, 5), (3, 5), (3, 5), (4, 5), (5, 5)]"
100,5,5,softmax_β,1.0,"[4, 1, 1, 1, 2, 4, 4, 1, 3, 3, 3, 4, 1, 4, 4, 4]","[(1, 1), (2, 1), (2, 2), (2, 3), (2, 4), (2, 3), (2, 3), (2, 3), (2, 4), (1, 4), (1, 4), (1, 4), (2, 4), (2, 5), (3, 5), (4, 5), (5, 5)]"
101,5,5,softmax_β,2.0,"[3, 1, 4, 4, 4, 4, 1, 1, 1]","[(1, 1), (1, 1), (1, 2), (2, 2), (3, 2), (4, 2), (5, 2), (5, 3), (5, 4), (5, 5)]"
102,5,5,softmax_β,2.0,"[1, 4, 4, 1, 4, 1, 4, 4, 1, 1]","[(1, 1), (1, 2), (2, 2), (3, 2), (3, 2), (4, 2), (4, 3), (5, 3), (5, 3), (5, 4), (5, 5)]"
103,5,5,softmax_β,2.0,"[4, 1, 4, 4, 1, 1, 4, 1]","[(1, 1), (2, 1), (2, 2), (3, 2), (4, 2), (4, 3), (4, 4), (5, 4), (5, 5)]"
104,5,5,softmax_β,2.0,"[1, 4, 4, 4, 1, 2, 4, 1, 1, 1]","[(1, 1), (1, 2), (2, 2), (3, 2), (4, 2), (4, 3), (4, 2), (5, 2), (5, 3), (5, 4), (5, 5)]"
105,5,5,softmax_β,2.0,"[4, 4, 1, 4, 1, 4, 4, 1, 1]","[(1, 1), (2, 1), (3, 1), (3, 2), (4, 2), (4, 3), (5, 3), (5, 3), (5, 4), (5, 5)]"
106,5,5,softmax_β,2.0,"[4, 1, 4, 4, 4, 1, 1, 3, 1, 4]","[(1, 1), (2, 1), (2, 2), (3, 2), (4, 2), (5, 2), (5, 3), (5, 4), (4, 4), (4, 5), (5, 5)]"
107,5,5,softmax_β,2.0,"[4, 1, 1, 1, 4, 4, 1, 4]","[(1, 1), (2, 1), (2, 2), (2, 3), (2, 4), (3, 4), (4, 4), (4, 5), (5, 5)]"
108,5,5,softmax_β,2.0,"[1, 4, 4, 3, 1, 1, 1, 4, 1, 4, 4]","[(1, 1), (1, 2), (2, 2), (3, 2), (2, 2), (2, 3), (2, 4), (2, 5), (3, 5), (3, 5), (4, 5), (5, 5)]"
109,5,5,softmax_β,2.0,"[3, 1, 4, 4, 4, 4, 3, 4, 4, 1, 1, 1]","[(1, 1), (1, 1), (1, 2), (2, 2), (3, 2), (4, 2), (5, 2), (4, 2), (5, 2), (5, 2), (5, 3), (5, 4), (5, 5)]"
110,5,5,softmax_β,2.0,"[2, 4, 1, 4, 4, 4, 1, 1, 1]","[(1, 1), (1, 1), (2, 1), (2, 2), (3, 2), (4, 2), (5, 2), (5, 3), (5, 4), (5, 5)]"
111,5,5,softmax_β,2.0,"[3, 1, 4, 1, 1, 4, 1, 4, 4]","[(1, 1), (1, 1), (1, 2), (2, 2), (2, 3), (2, 4), (3, 4), (3, 5), (4, 5), (5, 5)]"
112,5,5,softmax_β,2.0,"[2, 1, 4, 4, 4, 4, 1, 1, 1]","[(1, 1), (1, 1), (1, 2), (2, 2), (3, 2), (4, 2), (5, 2), (5, 3), (5, 4), (5, 5)]"
113,5,5,softmax_β,2.0,"[1, 4, 2, 4, 1, 4, 4, 1, 1, 4, 1]","[(1, 1), (1, 2), (2, 2), (2, 1), (3, 1), (3, 2), (4, 2), (5, 2), (5, 3), (5, 4), (5, 4), (5, 5)]"
114,5,5,softmax_β,2.0,"[1, 4, 4, 4, 1, 1, 4, 1]","[(1, 1), (1, 2), (2, 2), (3, 2), (4, 2), (4, 3), (4, 4), (5, 4), (5, 5)]"
115,5,5,softmax_β,2.0,"[1, 4, 4, 4, 1, 4, 1, 4, 1]","[(1, 1), (1, 2), (2, 2), (3, 2), (4, 2), (4, 3), (5, 3), (5, 4), (5, 4), (5, 5)]"
116,5,5,softmax_β,2.0,"[2, 4, 4, 4, 1, 1, 1, 4, 4, 1]","[(1, 1), (1, 1), (2, 1), (3, 1), (4, 1), (4, 2), (4, 3), (4, 4), (5, 4), (5, 4), (5, 5)]"
117,5,5,softmax_β,2.0,"[1, 4, 4, 4, 1, 4, 1, 1]","[(1, 1), (1, 2), (2, 2), (3, 2), (4, 2), (4, 3), (5, 3), (5, 4), (5, 5)]"
118,5,5,softmax_β,2.0,"[3, 4, 1, 1, 1, 1, 4, 1, 4, 4]","[(1, 1), (1, 1), (2, 1), (2, 2), (2, 3), (2, 4), (2, 5), (3, 5), (3, 5), (4, 5), (5, 5)]"
119,5,5,softmax_β,2.0,"[4, 1, 1, 1, 4, 4, 4, 4, 1]","[(1, 1), (2, 1), (2, 2), (2, 3), (2, 4), (3, 4), (4, 4), (5, 4), (5, 4), (5, 5)]"
120,5,5,softmax_β,2.0,"[2, 1, 1, 4, 1, 1, 4, 1, 4, 4]","[(1, 1), (1, 1), (1, 2), (1, 3), (2, 3), (2, 4), (2, 5), (3, 5), (3, 5), (4, 5), (5, 5)]"
121,5,5,softmax_β,2.0,"[4, 1, 1, 4, 1, 4, 1, 4, 4]","[(1, 1), (2, 1), (2, 2), (2, 3), (2, 3), (2, 4), (3, 4), (3, 5), (4, 5), (5, 5)]"
122,5,5,softmax_β,2.0,"[2, 4, 2, 1, 1, 1, 4, 4, 1, 4]","[(1, 1), (1, 1), (2, 1), (2, 1), (2, 2), (2, 3), (2, 4), (3, 4), (4, 4), (4, 5), (5, 5)]"
123,5,5,softmax_β,2.0,"[4, 4, 4, 1, 4, 4, 4, 4, 1, 1, 1]","[(1, 1), (2, 1), (3, 1), (4, 1), (4, 2), (5, 2), (5, 2), (5, 2), (5, 2), (5, 3), (5, 4), (5, 5)]"
124,5,5,softmax_β,2.0,"[4, 1, 4, 4, 1, 1, 4, 1]","[(1, 1), (2, 1), (2, 2), (3, 2), (4, 2), (4, 3), (4, 4), (5, 4), (5, 5)]"
125,5,5,softmax_β,2.0,"[1, 1, 1, 1, 4, 4, 4, 4]","[(1, 1), (1, 2), (1, 3), (1, 4), (1, 5), (2, 5), (3, 5), (4, 5), (5, 5)]"
126,5,5,softmax_β,2.0,"[2, 4, 2, 4, 4, 2, 2, 1, 1, 1, 1, 4]","[(1, 1), (1, 1), (2, 1), (2, 1), (3, 1), (4, 1), (4, 1), (4, 1), (4, 2), (4, 3), (4, 4), (4, 5), (5, 5)]"
127,5,5,softmax_β,2.0,"[4, 4, 1, 4, 1, 1, 4, 1]","[(1, 1), (2, 1), (3, 1), (3, 2), (4, 2), (4, 3), (4, 4), (5, 4), (5, 5)]"
128,5,5,softmax_β,2.0,"[1, 4, 4, 4, 1, 4, 1, 3, 4, 1]","[(1, 1), (1, 2), (2, 2), (3, 2), (4, 2), (4, 3), (5, 3), (5, 4), (4, 4), (5, 4), (5, 5)]"
129,5,5,softmax_β,2.0,"[1, 1, 4, 1, 1, 4, 4, 4]","[(1, 1), (1, 2), (1, 3), (2, 3), (2, 4), (2, 5), (3, 5), (4, 5), (5, 5)]"
130,5,5,softmax_β,2.0,"[1, 4, 4, 4, 1, 1, 4, 1]","[(1, 1), (1, 2), (2, 2), (3, 2), (4, 2), (4, 3), (4, 4), (5, 4), (5, 5)]"
131,5,5,softmax_β,2.0,"[1, 3, 1, 4, 1, 4, 1, 4, 4]","[(1, 1), (1, 2), (1, 2), (1, 3), (2, 3), (2, 4), (3, 4), (3, 5), (4, 5), (5, 5)]"
132,5,5,softmax_β,2.0,"[4, 4, 1, 4, 4, 1, 1, 4, 1]","[(1, 1), (2, 1), (3, 1), (3, 2), (4, 2), (5, 2), (5, 3), (5, 4), (5, 4), (5, 5)]"
133,5,5,softmax_β,2.0,"[4, 4, 2, 4, 4, 1, 4, 1, 1, 3, 1, 4]","[(1, 1), (2, 1), (3, 1), (3, 1), (4, 1), (5, 1), (5, 2), (5, 2), (5, 3), (5, 4), (4, 4), (4, 5), (5, 5)]"
134,5,5,softmax_β,2.0,"[2, 4, 1, 4, 4, 4, 1, 1, 1]","[(1, 1), (1, 1), (2, 1), (2, 2), (3, 2), (4, 2), (5, 2), (5, 3), (5, 4), (5, 5)]"
135,5,5,softmax_β,2.0,"[4, 4, 1, 4, 4, 1, 1, 1]","[(1, 1), (2, 1), (3, 1), (3, 2), (4, 2), (5, 2), (5, 3), (5, 4), (5, 5)]"
136,5,5,softmax_β,2.0,"[4, 1, 4, 1, 4, 4, 1, 1, 1]","[(1, 1), (2, 1), (2, 2), (3, 2), (3, 2), (4, 2), (5, 2), (5, 3), (5, 4), (5, 5)]"
137,5,5,softmax_β,2.0,"[4, 1, 1, 1, 4, 1, 4, 4]","[(1, 1), (2, 1), (2, 2), (2, 3), (2, 4), (3, 4), (3, 5), (4, 5), (5, 5)]"
138,5,5,softmax_β,2.0,"[1, 3, 1, 1, 4, 1, 4, 4, 4]","[(1, 1), (1, 2), (1, 2), (1, 3), (1, 4), (2, 4), (2, 5), (3, 5), (4, 5), (5, 5)]"
139,5,5,softmax_β,2.0,"[2, 3, 1, 1, 4, 1, 1, 1, 4, 4, 4]","[(1, 1), (1, 1), (1, 1), (1, 2), (1, 3), (2, 3), (2, 4), (2, 5), (2, 5), (3, 5), (4, 5), (5, 5)]"
140,5,5,softmax_β,2.0,"[4, 4, 4, 4, 2, 1, 1, 1, 4, 1]","[(1, 1), (2, 1), (3, 1), (4, 1), (5, 1), (5, 1), (5, 2), (5, 3), (5, 4), (5, 4), (5, 5)]"
141,5,5,softmax_β,2.0,"[4, 1, 1, 2, 4, 1, 4, 1, 3, 1, 1, 4]","[(1, 1), (2, 1), (2, 2), (2, 3), (2, 2), (3, 2), (3, 2), (4, 2), (4, 3), (4, 3), (4, 4), (4, 5), (5, 5)]"
142,5,5,softmax_β,2.0,"[2, 2, 4, 1, 4, 3, 1, 1, 4, 1, 4, 4]","[(1, 1), (1, 1), (1, 1), (2, 1), (2, 2), (3, 2), (2, 2), (2, 3), (2, 4), (3, 4), (3, 5), (4, 5), (5, 5)]"
143,5,5,softmax_β,2.0,"[4, 1, 4, 4, 4, 1, 1, 1]","[(1, 1), (2, 1), (2, 2), (3, 2), (4, 2), (5, 2), (5, 3), (5, 4), (5, 5)]"
144,5,5,softmax_β,2.0,"[1, 4, 4, 4, 1, 4, 1, 1]","[(1, 1), (1, 2), (2, 2), (3, 2), (4, 2), (4, 3), (5, 3), (5, 4), (5, 5)]"
145,5,5,softmax_β,2.0,"[1, 2, 1, 4, 4, 4, 4, 1, 1, 1]","[(1, 1), (1, 2), (1, 1), (1, 2), (2, 2), (3, 2), (4, 2), (5, 2), (5, 3), (5, 4), (5, 5)]"
146,5,5,softmax_β,2.0,"[1, 1, 3, 3, 4, 1, 4, 1, 4, 4]","[(1, 1), (1, 2), (1, 3), (1, 3), (1, 3), (2, 3), (2, 4), (3, 4), (3, 5), (4, 5), (5, 5)]"
147,5,5,softmax_β,2.0,"[1, 4, 4, 4, 4, 1, 1, 1]","[(1, 1), (1, 2), (2, 2), (3, 2), (4, 2), (5, 2), (5, 3), (5, 4), (5, 5)]"
148,5,5,softmax_β,2.0,"[1, 4, 1, 1, 4, 2, 4, 1, 1, 2, 4, 1]","[(1, 1), (1, 2), (2, 2), (2, 3), (2, 4), (3, 4), (3, 4), (4, 4), (4, 5), (4, 5), (4, 4), (5, 4), (5, 5)]"
149,5,5,softmax_β,2.0,"[4, 4, 1, 4, 4, 1, 1, 1]","[(1, 1), (2, 1), (3, 1), (3, 2), (4, 2), (5, 2), (5, 3), (5, 4), (5, 5)]"
150,5,5,softmax_β,2.0,"[1, 4, 1, 1, 1, 3, 1, 4, 4, 4, 1, 4]","[(1, 1), (1, 2), (2, 2), (2, 3), (2, 4), (2, 5), (1, 5), (1, 5), (2, 5), (3, 5), (4, 5), (4, 5), (5, 5)]"
151,5,5,softmax_β,6.0,"[1, 4, 1, 1, 1, 4, 1, 4, 4]","[(1, 1), (1, 2), (2, 2), (2, 3), (2, 4), (2, 5), (3, 5), (3, 5), (4, 5), (5, 5)]"
152,5,5,softmax_β,6.0,"[1, 1, 1, 1, 3, 4, 4, 4, 4]","[(1, 1), (1, 2), (1, 3), (1, 4), (1, 5), (1, 5), (2, 5), (3, 5), (4, 5), (5, 5)]"
153,5,5,softmax_β,6.0,"[4, 1, 1, 4, 1, 4, 1, 4, 4]","[(1, 1), (2, 1), (2, 2), (2, 3), (2, 3), (2, 4), (3, 4), (3, 5), (4, 5), (5, 5)]"
154,5,5,softmax_β,6.0,"[4, 1, 1, 1, 4, 4, 1, 4]","[(1, 1), (2, 1), (2, 2), (2, 3), (2, 4), (3, 4), (4, 4), (4, 5), (5, 5)]"
155,5,5,softmax_β,6.0,"[1, 4, 1, 1, 4, 4, 4, 1]","[(1, 1), (1, 2), (2, 2), (2, 3), (2, 4), (3, 4), (4, 4), (5, 4), (5, 5)]"
156,5,5,softmax_β,6.0,"[1, 1, 1, 4, 1, 4, 4, 4]","[(1, 1), (1, 2), (1, 3), (1, 4), (2, 4), (2, 5), (3, 5), (4, 5), (5, 5)]"
157,5,5,softmax_β,6.0,"[4, 4, 4, 4, 1, 1, 1, 1]","[(1, 1), (2, 1), (3, 1), (4, 1), (5, 1), (5, 2), (5, 3), (5, 4), (5, 5)]"
158,5,5,softmax_β,6.0,"[1, 4, 4, 4, 4, 1, 1, 1]","[(1, 1), (1, 2), (2, 2), (3, 2), (4, 2), (5, 2), (5, 3), (5, 4), (5, 5)]"
159,5,5,softmax_β,6.0,"[4, 1, 4, 4, 1, 1, 1, 4]","[(1, 1), (2, 1), (2, 2), (3, 2), (4, 2), (4, 3), (4, 4), (4, 5), (5, 5)]"
160,5,5,softmax_β,6.0,"[1, 4, 4, 4, 1, 1, 4, 1]","[(1, 1), (1, 2), (2, 2), (3, 2), (4, 2), (4, 3), (4, 4), (5, 4), (5, 5)]"
161,5,5,softmax_β,6.0,"[1, 1, 4, 1, 1, 4, 4, 4]","[(1, 1), (1, 2), (1, 3), (2, 3), (2, 4), (2, 5), (3, 5), (4, 5), (5, 5)]"
162,5,5,softmax_β,6.0,"[4, 4, 4, 4, 1, 1, 1, 1]","[(1, 1), (2, 1), (3, 1), (4, 1), (5, 1), (5, 2), (5, 3), (5, 4), (5, 5)]"
163,5,5,softmax_β,6.0,"[4, 1, 1, 1, 4, 1, 4, 4]","[(1, 1), (2, 1), (2, 2), (2, 3), (2, 4), (3, 4), (3, 5), (4, 5), (5, 5)]"
164,5,5,softmax_β,6.0,"[1, 1, 4, 1, 4, 1, 4, 4]","[(1, 1), (1, 2), (1, 3), (2, 3), (2, 4), (3, 4), (3, 5), (4, 5), (5, 5)]"
165,5,5,softmax_β,6.0,"[4, 1, 1, 1, 1, 4, 4, 4]","[(1, 1), (2, 1), (2, 2), (2, 3), (2, 4), (2, 5), (3, 5), (4, 5), (5, 5)]"
166,5,5,softmax_β,6.0,"[1, 1, 4, 1, 1, 4, 4, 4]","[(1, 1), (1, 2), (1, 3), (2, 3), (2, 4), (2, 5), (3, 5), (4, 5), (5, 5)]"
167,5,5,softmax_β,6.0,"[4, 4, 4, 1, 1, 1, 4, 1]","[(1, 1), (2, 1), (3, 1), (4, 1), (4, 2), (4, 3), (4, 4), (5, 4), (5, 5)]"
168,5,5,softmax_β,6.0,"[1, 1, 4, 1, 1, 4, 4, 4]","[(1, 1), (1, 2), (1, 3), (2, 3), (2, 4), (2, 5), (3, 5), (4, 5), (5, 5)]"
169,5,5,softmax_β,6.0,"[1, 4, 4, 4, 4, 1, 1, 1]","[(1, 1), (1, 2), (2, 2), (3, 2), (4, 2), (5, 2), (5, 3), (5, 4), (5, 5)]"
170,5,5,softmax_β,6.0,"[4, 4, 4, 1, 4, 1, 1, 1]","[(1, 1), (2, 1), (3, 1), (4, 1), (4, 2), (5, 2), (5, 3), (5, 4), (5, 5)]"
171,5,5,softmax_β,6.0,"[4, 4, 1, 4, 4, 1, 1, 1]","[(1, 1), (2, 1), (3, 1), (3, 2), (4, 2), (5, 2), (5, 3), (5, 4), (5, 5)]"
172,5,5,softmax_β,6.0,"[1, 1, 4, 1, 1, 4, 4, 4]","[(1, 1), (1, 2), (1, 3), (2, 3), (2, 4), (2, 5), (3, 5), (4, 5), (5, 5)]"
173,5,5,softmax_β,6.0,"[4, 1, 1, 1, 1, 4, 4, 4]","[(1, 1), (2, 1), (2, 2), (2, 3), (2, 4), (2, 5), (3, 5), (4, 5), (5, 5)]"
174,5,5,softmax_β,6.0,"[1, 4, 4, 4, 1, 1, 1, 4]","[(1, 1), (1, 2), (2, 2), (3, 2), (4, 2), (4, 3), (4, 4), (4, 5), (5, 5)]"
175,5,5,softmax_β,6.0,"[4, 4, 1, 4, 4, 1, 1, 1]","[(1, 1), (2, 1), (3, 1), (3, 2), (4, 2), (5, 2), (5, 3), (5, 4), (5, 5)]"
176,5,5,softmax_β,6.0,"[1, 4, 1, 1, 4, 4, 4, 1]","[(1, 1), (1, 2), (2, 2), (2, 3), (2, 4), (3, 4), (4, 4), (5, 4), (5, 5)]"
177,5,5,softmax_β,6.0,"[1, 4, 4, 4, 1, 4, 1, 1]","[(1, 1), (1, 2), (2, 2), (3, 2), (4, 2), (4, 3), (5, 3), (5, 4), (5, 5)]"
178,5,5,softmax_β,6.0,"[4, 1, 1, 1, 1, 4, 4, 4]","[(1, 1), (2, 1), (2, 2), (2, 3), (2, 4), (2, 5), (3, 5), (4, 5), (5, 5)]"
179,5,5,softmax_β,6.0,"[1, 1, 4, 1, 1, 4, 4, 4]","[(1, 1), (1, 2), (1, 3), (2, 3), (2, 4), (2, 5), (3, 5), (4, 5), (5, 5)]"
180,5,5,softmax_β,6.0,"[1, 1, 1, 1, 4, 4, 4, 4]","[(1, 1), (1, 2), (1, 3), (1, 4), (1, 5), (2, 5), (3, 5), (4, 5), (5, 5)]"
181,5,5,softmax_β,6.0,"[1, 3, 1, 1, 4, 1, 4, 4, 4]","[(1, 1), (1, 2), (1, 2), (1, 3), (1, 4), (2, 4), (2, 5), (3, 5), (4, 5), (5, 5)]"
182,5,5,softmax_β,6.0,"[4, 1, 4, 4, 1, 1, 4, 1]","[(1, 1), (2, 1), (2, 2), (3, 2), (4, 2), (4, 3), (4, 4), (5, 4), (5, 5)]"
183,5,5,softmax_β,6.0,"[4, 1, 4, 4, 4, 1, 1, 1]","[(1, 1), (2, 1), (2, 2), (3, 2), (4, 2), (5, 2), (5, 3), (5, 4), (5, 5)]"
184,5,5,softmax_β,6.0,"[4, 1, 4, 4, 4, 1, 1, 1]","[(1, 1), (2, 1), (2, 2), (3, 2), (4, 2), (5, 2), (5, 3), (5, 4), (5, 5)]"
185,5,5,softmax_β,6.0,"[4, 1, 4, 4, 1, 1, 1, 4]","[(1, 1), (2, 1), (2, 2), (3, 2), (4, 2), (4, 3), (4, 4), (4, 5), (5, 5)]"
186,5,5,softmax_β,6.0,"[4, 4, 1, 4, 1, 1, 1, 4]","[(1, 1), (2, 1), (3, 1), (3, 2), (4, 2), (4, 3), (4, 4), (4, 5), (5, 5)]"
187,5,5,softmax_β,6.0,"[1, 1, 4, 1, 4, 1, 4, 4]","[(1, 1), (1, 2), (1, 3), (2, 3), (2, 4), (3, 4), (3, 5), (4, 5), (5, 5)]"
188,5,5,softmax_β,6.0,"[1, 1, 4, 1, 1, 4, 4, 4]","[(1, 1), (1, 2), (1, 3), (2, 3), (2, 4), (2, 5), (3, 5), (4, 5), (5, 5)]"
189,5,5,softmax_β,6.0,"[4, 4, 1, 4, 4, 1, 1, 1]","[(1, 1), (2, 1), (3, 1), (3, 2), (4, 2), (5, 2), (5, 3), (5, 4), (5, 5)]"
190,5,5,softmax_β,6.0,"[1, 4, 1, 1, 1, 4, 4, 4]","[(1, 1), (1, 2), (2, 2), (2, 3), (2, 4), (2, 5), (3, 5), (4, 5), (5, 5)]"
191,5,5,softmax_β,6.0,"[4, 4, 1, 4, 4, 1, 1, 1]","[(1, 1), (2, 1), (3, 1), (3, 2), (4, 2), (5, 2), (5, 3), (5, 4), (5, 5)]"
192,5,5,softmax_β,6.0,"[4, 4, 1, 4, 1, 1, 4, 1]","[(1, 1), (2, 1), (3, 1), (3, 2), (4, 2), (4, 3), (4, 4), (5, 4), (5, 5)]"
193,5,5,softmax_β,6.0,"[4, 4, 4, 1, 4, 1, 1, 1]","[(1, 1), (2, 1), (3, 1), (4, 1), (4, 2), (5, 2), (5, 3), (5, 4), (5, 5)]"
194,5,5,softmax_β,6.0,"[4, 4, 1, 4, 1, 1, 1, 4]","[(1, 1), (2, 1), (3, 1), (3, 2), (4, 2), (4, 3), (4, 4), (4, 5), (5, 5)]"
195,5,5,softmax_β,6.0,"[4, 4, 4, 1, 4, 1, 1, 1]","[(1, 1), (2, 1), (3, 1), (4, 1), (4, 2), (5, 2), (5, 3), (5, 4), (5, 5)]"
196,5,5,softmax_β,6.0,"[1, 4, 4, 4, 1, 4, 1, 1]","[(1, 1), (1, 2), (2, 2), (3, 2), (4, 2), (4, 3), (5, 3), (5, 4), (5, 5)]"
197,5,5,softmax_β,6.0,"[4, 1, 1, 1, 1, 4, 4, 4]","[(1, 1), (2, 1), (2, 2), (2, 3), (2, 4), (2, 5), (3, 5), (4, 5), (5, 5)]"
198,5,5,softmax_β,6.0,"[1, 4, 4, 4, 4, 1, 1, 1]","[(1, 1), (1, 2), (2, 2), (3, 2), (4, 2), (5, 2), (5, 3), (5, 4), (5, 5)]"
199,5,5,softmax_β,6.0,"[1, 1, 4, 1, 1, 4, 4, 4]","[(1, 1), (1, 2), (1, 3), (2, 3), (2, 4), (2, 5), (3, 5), (4, 5), (5, 5)]"
200,5,5,softmax_β,6.0,"[1, 3, 4, 4, 4, 4, 1, 1, 1]","[(1, 1), (1, 2), (1, 2), (2, 2), (3, 2), (4, 2), (5, 2), (5, 3), (5, 4), (5, 5)]"
201,5,1,softmax_β,0.5,"[2, 2, 1, 1, 3, 2, 4, 4, 1, 3, 4, 4, 4, 2]","[(1, 1), (1, 1), (1, 1), (1, 2), (1, 3), (1, 3), (1, 2), (2, 2), (3, 2), (3, 2), (2, 2), (3, 2), (4, 2), (5, 2), (5, 1)]"
202,5,1,softmax_β,0.5,"[2, 4, 4, 2, 4, 1, 2, 4]","[(1, 1), (1, 1), (2, 1), (3, 1), (3, 1), (4, 1), (4, 2), (4, 1), (5, 1)]"
203,5,1,softmax_β,0.5,"[2, 3, 3, 4, 3, 2, 4, 2, 4, 4, 1, 4, 2]","[(1, 1), (1, 1), (1, 1), (1, 1), (2, 1), (1, 1), (1, 1), (2, 1), (2, 1), (3, 1), (4, 1), (4, 2), (5, 2), (5, 1)]"
204,5,1,softmax_β,0.5,"[4, 4, 4, 2, 1, 2, 2, 2, 1, 1, 2, 4, 1, 3, 4, 2, 3, 2, 4]","[(1, 1), (2, 1), (3, 1), (4, 1), (4, 1), (4, 2), (4, 1), (4, 1), (4, 1), (4, 2), (4, 3), (4, 2), (5, 2), (5, 3), (4, 3), (5, 3), (5, 2), (4, 2), (4, 1), (5, 1)]"
205,5,1,softmax_β,0.5,"[2, 3, 2, 1, 2, 4, 4, 1, 4, 1, 2, 2, 1, 2, 1, 2, 1, 1, 2, 4, 3, 1, 1, 1, 1, 3, 3, 2, 2, 2, 2, 2, 1, 4, 4, 1, 4, 3, 2, 4, 4, 1, 2, 2]","[(1, 1), (1, 1), (1, 1), (1, 1), (1, 2), (1, 1), (2, 1), (3, 1), (3, 2), (4, 2), (4, 3), (4, 2), (4, 1), (4, 2), (4, 1), (4, 2), (4, 1), (4, 2), (4, 3), (4, 2), (5, 2), (4, 2), (4, 3), (4, 4), (4, 5), (4, 5), (3, 5), (2, 5), (2, 4), (2, 3), (2, 2), (2, 1), (2, 1), (2, 2), (3, 2), (4, 2), (4, 3), (5, 3), (4, 3), (4, 2), (5, 2), (5, 2), (5, 3), (5, 2), (5, 1)]"
206,5,1,softmax_β,0.5,"[2, 4, 1, 4, 2, 3, 3, 2, 3, 3, 1, 4, 1, 3, 1, 3, 4, 1, 4, 2, 2, 2, 2, 2, 4, 2, 2, 3, 4, 4, 3, 3, 2, 4, 2, 4]","[(1, 1), (1, 1), (2, 1), (2, 2), (3, 2), (3, 1), (2, 1), (1, 1), (1, 1), (1, 1), (1, 1), (1, 2), (2, 2), (2, 3), (1, 3), (1, 4), (1, 4), (2, 4), (2, 5), (3, 5), (3, 4), (3, 4), (3, 4), (3, 4), (3, 4), (4, 4), (4, 3), (4, 2), (3, 2), (4, 2), (5, 2), (4, 2), (3, 2), (3, 1), (4, 1), (4, 1), (5, 1)]"
207,5,1,softmax_β,0.5,"[2, 4, 4, 4, 1, 3, 1, 2, 2, 3, 4, 4, 4]","[(1, 1), (1, 1), (2, 1), (3, 1), (4, 1), (4, 2), (3, 2), (3, 2), (3, 1), (3, 1), (2, 1), (3, 1), (4, 1), (5, 1)]"
208,5,1,softmax_β,0.5,"[3, 1, 2, 2, 2, 2, 4, 1, 1, 4, 1, 4, 2, 4, 2, 3, 2, 4, 2]","[(1, 1), (1, 1), (1, 2), (1, 1), (1, 1), (1, 1), (1, 1), (2, 1), (2, 2), (2, 3), (2, 3), (2, 4), (3, 4), (3, 4), (4, 4), (4, 3), (4, 3), (4, 2), (5, 2), (5, 1)]"
209,5,1,softmax_β,0.5,"[2, 1, 3, 4, 1, 2, 3, 3, 3, 4, 2, 4, 4, 4]","[(1, 1), (1, 1), (1, 2), (1, 2), (2, 2), (2, 3), (2, 2), (1, 2), (1, 2), (1, 2), (2, 2), (2, 1), (3, 1), (4, 1), (5, 1)]"
210,5,1,softmax_β,0.5,"[3, 4, 2, 3, 3, 3, 4, 4, 2, 4, 4]","[(1, 1), (1, 1), (2, 1), (2, 1), (1, 1), (1, 1), (1, 1), (2, 1), (3, 1), (3, 1), (4, 1), (5, 1)]"
211,5,1,softmax_β,0.5,"[3, 4, 2, 3, 4, 2, 2, 2, 4, 1, 1, 4, 3, 3, 1, 2, 2, 4, 1, 2, 4, 3, 4, 2, 4]","[(1, 1), (1, 1), (2, 1), (2, 1), (1, 1), (2, 1), (2, 1), (2, 1), (2, 1), (3, 1), (3, 2), (3, 2), (4, 2), (3, 2), (2, 2), (2, 3), (2, 2), (2, 1), (3, 1), (3, 2), (3, 1), (4, 1), (3, 1), (4, 1), (4, 1), (5, 1)]"
212,5,1,softmax_β,0.5,"[2, 4, 4, 4, 3, 1, 1, 4, 2, 4]","[(1, 1), (1, 1), (2, 1), (3, 1), (4, 1), (3, 1), (3, 2), (3, 2), (4, 2), (4, 1), (5, 1)]"
213,5,1,softmax_β,0.5,"[3, 2, 4, 3, 1, 3, 2, 3, 4, 4, 2, 2, 2, 3, 4, 4, 1, 2, 4]","[(1, 1), (1, 1), (1, 1), (2, 1), (1, 1), (1, 2), (1, 2), (1, 1), (1, 1), (2, 1), (3, 1), (3, 1), (3, 1), (3, 1), (2, 1), (3, 1), (4, 1), (4, 2), (4, 1), (5, 1)]"
214,5,1,softmax_β,0.5,"[3, 2, 3, 4, 4, 4, 1, 1, 3, 1, 4, 2, 1, 2, 2, 2]","[(1, 1), (1, 1), (1, 1), (1, 1), (2, 1), (3, 1), (4, 1), (4, 2), (4, 3), (4, 3), (4, 4), (5, 4), (5, 3), (5, 4), (5, 3), (5, 2), (5, 1)]"
215,5,1,softmax_β,0.5,"[1, 2, 4, 2, 4, 1, 4, 3, 4, 4, 4, 4, 4, 3, 1, 4, 2, 2]","[(1, 1), (1, 2), (1, 1), (2, 1), (2, 1), (3, 1), (3, 2), (4, 2), (3, 2), (4, 2), (5, 2), (5, 2), (5, 2), (5, 2), (4, 2), (4, 3), (5, 3), (5, 2), (5, 1)]"
216,5,1,softmax_β,0.5,"[1, 4, 4, 4, 3, 2, 3, 3, 4, 2, 3, 2, 4, 2, 2, 4, 3, 2, 2, 4, 2, 4, 2, 1, 2, 3, 4, 4]","[(1, 1), (1, 2), (2, 2), (3, 2), (4, 2), (3, 2), (3, 1), (2, 1), (1, 1), (2, 1), (2, 1), (1, 1), (1, 1), (2, 1), (2, 1), (2, 1), (3, 1), (2, 1), (2, 1), (2, 1), (3, 1), (3, 1), (4, 1), (4, 1), (4, 2), (4, 1), (3, 1), (4, 1), (5, 1)]"
217,5,1,softmax_β,0.5,"[3, 2, 2, 4, 2, 3, 4, 3, 3, 3, 2, 4, 4, 1, 1, 1, 2, 1, 2, 4, 4]","[(1, 1), (1, 1), (1, 1), (1, 1), (2, 1), (2, 1), (1, 1), (2, 1), (1, 1), (1, 1), (1, 1), (1, 1), (2, 1), (3, 1), (3, 2), (3, 2), (3, 2), (3, 1), (3, 2), (3, 1), (4, 1), (5, 1)]"
218,5,1,softmax_β,0.5,"[3, 2, 2, 3, 4, 1, 4, 4, 2, 2, 4]","[(1, 1), (1, 1), (1, 1), (1, 1), (1, 1), (2, 1), (2, 2), (3, 2), (4, 2), (4, 1), (4, 1), (5, 1)]"
219,5,1,softmax_β,0.5,"[4, 3, 1, 3, 4, 2, 3, 4, 4, 1, 4, 4, 2]","[(1, 1), (2, 1), (1, 1), (1, 2), (1, 2), (2, 2), (2, 1), (1, 1), (2, 1), (3, 1), (3, 2), (4, 2), (5, 2), (5, 1)]"
220,5,1,softmax_β,0.5,"[2, 3, 1, 2, 3, 4, 1, 4, 4, 2, 3, 3, 2, 1, 2, 3, 4, 4, 2, 2, 4, 3, 4, 3, 4, 1, 4, 4, 4, 1, 3, 2, 4, 4, 2]","[(1, 1), (1, 1), (1, 1), (1, 2), (1, 1), (1, 1), (2, 1), (2, 2), (3, 2), (4, 2), (4, 1), (3, 1), (2, 1), (2, 1), (2, 2), (2, 1), (1, 1), (2, 1), (3, 1), (3, 1), (3, 1), (4, 1), (3, 1), (4, 1), (3, 1), (4, 1), (4, 2), (5, 2), (5, 2), (5, 2), (5, 3), (4, 3), (4, 2), (5, 2), (5, 2), (5, 1)]"
221,5,1,softmax_β,0.5,"[3, 3, 4, 4, 3, 2, 3, 2, 3, 2, 2, 3, 3, 3, 1, 4, 2, 1, 2, 2, 2, 2, 2, 2, 2, 4, 2, 4, 3, 4, 1, 1, 2, 1, 1, 4, 1, 2, 1, 4, 2, 2, 4, 4, 1, 3, 3, 4, 1, 4, 3, 3, 4, 1, 1, 2, 4, 3, 4, 4, 1, 2, 2, 2, 4, 2]","[(1, 1), (1, 1), (1, 1), (2, 1), (3, 1), (2, 1), (2, 1), (1, 1), (1, 1), (1, 1), (1, 1), (1, 1), (1, 1), (1, 1), (1, 1), (1, 2), (2, 2), (2, 1), (2, 2), (2, 1), (2, 1), (2, 1), (2, 1), (2, 1), (2, 1), (2, 1), (3, 1), (3, 1), (4, 1), (3, 1), (4, 1), (4, 2), (4, 3), (4, 2), (4, 3), (4, 4), (5, 4), (5, 5), (5, 4), (5, 5), (5, 5), (5, 4), (5, 3), (5, 3), (5, 3), (5, 4), (4, 4), (3, 4), (4, 4), (4, 5), (5, 5), (4, 5), (3, 5), (4, 5), (4, 5), (4, 5), (4, 4), (5, 4), (4, 4), (5, 4), (5, 4), (5, 5), (5, 4), (5, 3), (5, 2), (5, 2), (5, 1)]"
222,5,1,softmax_β,0.5,"[4, 3, 2, 1, 4, 2, 4, 4, 1, 2, 1, 4, 2]","[(1, 1), (2, 1), (1, 1), (1, 1), (1, 2), (2, 2), (2, 1), (3, 1), (4, 1), (4, 2), (4, 1), (4, 2), (5, 2), (5, 1)]"
223,5,1,softmax_β,0.5,"[4, 3, 1, 3, 1, 2, 3, 4, 4, 1, 4, 3, 2, 3, 3, 4, 2, 4, 3, 4, 4, 4]","[(1, 1), (2, 1), (1, 1), (1, 2), (1, 2), (1, 3), (1, 2), (1, 2), (2, 2), (3, 2), (3, 2), (4, 2), (3, 2), (3, 1), (2, 1), (1, 1), (2, 1), (2, 1), (3, 1), (2, 1), (3, 1), (4, 1), (5, 1)]"
224,5,1,softmax_β,0.5,"[4, 3, 3, 3, 2, 1, 2, 4, 4, 2, 1, 2, 1, 2, 4, 3, 3, 2, 3, 3, 3, 2, 3, 1, 1, 4, 2, 1, 2, 2, 2, 4, 2, 1, 2, 4, 4]","[(1, 1), (2, 1), (1, 1), (1, 1), (1, 1), (1, 1), (1, 2), (1, 1), (2, 1), (3, 1), (3, 1), (3, 2), (3, 1), (3, 2), (3, 1), (4, 1), (3, 1), (2, 1), (2, 1), (1, 1), (1, 1), (1, 1), (1, 1), (1, 1), (1, 2), (1, 3), (2, 3), (2, 2), (2, 3), (2, 2), (2, 1), (2, 1), (3, 1), (3, 1), (3, 2), (3, 1), (4, 1), (5, 1)]"
225,5,1,softmax_β,0.5,"[3, 4, 1, 2, 4, 2, 1, 3, 2, 1, 4, 2, 4, 3, 3, 2, 2, 3, 2, 2, 1, 2, 1, 2, 2, 1, 4, 4, 2, 2, 4, 1, 2, 2, 3, 4, 4]","[(1, 1), (1, 1), (2, 1), (2, 2), (2, 1), (3, 1), (3, 1), (3, 2), (2, 2), (2, 1), (2, 2), (3, 2), (3, 1), (4, 1), (3, 1), (2, 1), (2, 1), (2, 1), (1, 1), (1, 1), (1, 1), (1, 2), (1, 1), (1, 2), (1, 1), (1, 1), (1, 2), (2, 2), (3, 2), (3, 1), (3, 1), (4, 1), (4, 2), (4, 1), (4, 1), (3, 1), (4, 1), (5, 1)]"
226,5,1,softmax_β,0.5,"[4, 2, 4, 4, 2, 3, 1, 4, 2, 3, 4, 1, 2, 4]","[(1, 1), (2, 1), (2, 1), (3, 1), (4, 1), (4, 1), (3, 1), (3, 2), (4, 2), (4, 1), (3, 1), (4, 1), (4, 2), (4, 1), (5, 1)]"
227,5,1,softmax_β,0.5,"[4, 4, 4, 2, 4]","[(1, 1), (2, 1), (3, 1), (4, 1), (4, 1), (5, 1)]"
228,5,1,softmax_β,0.5,"[1, 3, 2, 3, 1, 2, 2, 4, 4, 2, 4, 4]","[(1, 1), (1, 2), (1, 2), (1, 1), (1, 1), (1, 2), (1, 1), (1, 1), (2, 1), (3, 1), (3, 1), (4, 1), (5, 1)]"
229,5,1,softmax_β,0.5,"[1, 4, 3, 4, 2, 2, 4, 3, 4, 3, 1, 1, 4, 3, 2, 2, 2, 2, 1, 4, 3, 4, 2, 4, 4, 1, 4, 2]","[(1, 1), (1, 2), (2, 2), (1, 2), (2, 2), (2, 1), (2, 1), (3, 1), (2, 1), (3, 1), (2, 1), (2, 2), (2, 3), (2, 3), (1, 3), (1, 2), (1, 1), (1, 1), (1, 1), (1, 2), (2, 2), (1, 2), (2, 2), (2, 1), (3, 1), (4, 1), (4, 2), (5, 2), (5, 1)]"
230,5,1,softmax_β,0.5,"[4, 4, 2, 4, 3, 4, 4]","[(1, 1), (2, 1), (3, 1), (3, 1), (4, 1), (3, 1), (4, 1), (5, 1)]"
231,5,1,softmax_β,0.5,"[1, 4, 4, 2, 3, 2, 4, 4, 1, 3, 4, 2, 1, 4, 2]","[(1, 1), (1, 2), (2, 2), (3, 2), (3, 1), (2, 1), (2, 1), (3, 1), (4, 1), (4, 2), (3, 2), (4, 2), (4, 1), (4, 2), (5, 2), (5, 1)]"
232,5,1,softmax_β,0.5,"[2, 4, 4, 2, 4, 4]","[(1, 1), (1, 1), (2, 1), (3, 1), (3, 1), (4, 1), (5, 1)]"
233,5,1,softmax_β,0.5,"[2, 1, 2, 3, 2, 2, 4, 3, 3, 4, 2, 4, 2, 3, 1, 2, 1, 2, 3, 4, 1, 4, 2, 1, 2, 3, 1, 3, 4, 1, 4, 2, 4, 4, 3, 4, 2, 4]","[(1, 1), (1, 1), (1, 2), (1, 1), (1, 1), (1, 1), (1, 1), (2, 1), (1, 1), (1, 1), (2, 1), (2, 1), (3, 1), (3, 1), (2, 1), (2, 2), (2, 1), (2, 2), (2, 1), (1, 1), (2, 1), (2, 2), (3, 2), (3, 1), (3, 2), (3, 1), (2, 1), (2, 2), (1, 2), (2, 2), (2, 3), (2, 3), (2, 2), (3, 2), (4, 2), (3, 2), (4, 2), (4, 1), (5, 1)]"
234,5,1,softmax_β,0.5,"[3, 4, 4, 2, 4, 4]","[(1, 1), (1, 1), (2, 1), (3, 1), (3, 1), (4, 1), (5, 1)]"
235,5,1,softmax_β,0.5,"[4, 2, 3, 4, 2, 2, 2, 4, 2, 4, 4]","[(1, 1), (2, 1), (2, 1), (1, 1), (2, 1), (2, 1), (2, 1), (2, 1), (3, 1), (3, 1), (4, 1), (5, 1)]"
236,5,1,softmax_β,0.5,"[4, 4, 2, 3, 4, 2, 2, 4, 3, 4, 4]","[(1, 1), (2, 1), (3, 1), (3, 1), (2, 1), (3, 1), (3, 1), (3, 1), (4, 1), (3, 1), (4, 1), (5, 1)]"
237,5,1,softmax_β,0.5,"[2, 3, 1, 4, 1, 4, 3, 1, 2, 1, 1, 2, 1, 2, 4, 1, 4, 1, 2, 4, 3, 3, 2, 1, 2, 3, 4, 1, 1, 2, 4, 3, 4, 3, 2, 4, 4, 2, 4, 2, 3, 3, 3, 4, 4, 4, 3, 4, 2, 2, 3, 1, 2, 4, 4]","[(1, 1), (1, 1), (1, 1), (1, 2), (2, 2), (2, 3), (2, 3), (1, 3), (1, 4), (1, 3), (1, 4), (1, 5), (1, 4), (1, 5), (1, 4), (2, 4), (2, 5), (3, 5), (3, 5), (3, 4), (4, 4), (3, 4), (2, 4), (2, 3), (2, 4), (2, 3), (1, 3), (2, 3), (2, 4), (2, 5), (2, 4), (3, 4), (2, 4), (3, 4), (2, 4), (2, 3), (2, 3), (2, 3), (2, 2), (3, 2), (3, 1), (2, 1), (1, 1), (1, 1), (2, 1), (3, 1), (4, 1), (3, 1), (4, 1), (4, 1), (4, 1), (3, 1), (3, 2), (3, 1), (4, 1), (5, 1)]"
238,5,1,softmax_β,0.5,"[4, 1, 2, 4, 2, 2, 2, 2, 3, 4, 4, 1, 2, 3, 4, 2, 4]","[(1, 1), (2, 1), (2, 2), (2, 1), (3, 1), (3, 1), (3, 1), (3, 1), (3, 1), (2, 1), (3, 1), (4, 1), (4, 2), (4, 1), (3, 1), (4, 1), (4, 1), (5, 1)]"
239,5,1,softmax_β,0.5,"[4, 1, 2, 1, 3, 3, 1, 4, 2, 2, 2, 4, 4, 2, 4]","[(1, 1), (2, 1), (2, 2), (2, 1), (2, 2), (1, 2), (1, 2), (1, 3), (2, 3), (2, 2), (2, 1), (2, 1), (3, 1), (4, 1), (4, 1), (5, 1)]"
240,5,1,softmax_β,0.5,"[3, 1, 3, 1, 2, 2, 4, 1, 1, 3, 1, 4, 3, 4, 3, 3, 2, 2, 4, 1, 3, 4, 1, 4, 3, 1, 1, 1, 4, 1, 1, 1, 2, 4, 1, 4, 2, 4, 1, 2, 4, 2, 2, 2]","[(1, 1), (1, 1), (1, 2), (1, 2), (1, 3), (1, 2), (1, 1), (2, 1), (2, 2), (2, 3), (1, 3), (1, 4), (2, 4), (1, 4), (2, 4), (1, 4), (1, 4), (1, 3), (1, 2), (2, 2), (2, 3), (1, 3), (2, 3), (2, 4), (3, 4), (2, 4), (2, 5), (2, 5), (2, 5), (3, 5), (3, 5), (3, 5), (3, 5), (3, 4), (4, 4), (4, 5), (5, 5), (5, 4), (5, 4), (5, 5), (5, 4), (5, 4), (5, 3), (5, 2), (5, 1)]"
241,5,1,softmax_β,0.5,"[2, 3, 2, 4, 4, 4, 3, 2, 3, 3, 2, 2, 3, 3, 2, 4, 1, 3, 4, 2, 2, 2, 2, 4, 3, 4, 4, 2, 4]","[(1, 1), (1, 1), (1, 1), (1, 1), (2, 1), (3, 1), (4, 1), (3, 1), (3, 1), (2, 1), (1, 1), (1, 1), (1, 1), (1, 1), (1, 1), (1, 1), (2, 1), (2, 2), (1, 2), (2, 2), (2, 1), (2, 1), (2, 1), (2, 1), (3, 1), (2, 1), (3, 1), (4, 1), (4, 1), (5, 1)]"
242,5,1,softmax_β,0.5,"[2, 2, 4, 1, 4, 4, 4, 3, 3, 3, 1, 2, 1, 1, 4, 1, 4, 2, 1, 4, 2, 1, 1, 4, 4, 4, 4, 1, 4, 3, 4, 3, 3, 1, 1, 2, 4, 1, 1, 1, 4, 2, 4, 4, 1, 3, 4, 3, 2, 1, 2, 2, 2, 2, 1, 4, 4, 3, 2, 4]","[(1, 1), (1, 1), (1, 1), (2, 1), (2, 2), (3, 2), (4, 2), (5, 2), (4, 2), (3, 2), (2, 2), (2, 3), (2, 2), (2, 3), (2, 4), (3, 4), (3, 5), (4, 5), (4, 4), (4, 5), (5, 5), (5, 4), (5, 5), (5, 5), (5, 5), (5, 5), (5, 5), (5, 5), (5, 5), (5, 5), (4, 5), (5, 5), (4, 5), (3, 5), (3, 5), (3, 5), (3, 4), (4, 4), (4, 5), (4, 5), (4, 5), (5, 5), (5, 4), (5, 4), (5, 4), (5, 5), (4, 5), (5, 5), (4, 5), (4, 4), (4, 5), (4, 4), (4, 3), (4, 2), (4, 1), (4, 2), (5, 2), (5, 2), (4, 2), (4, 1), (5, 1)]"
243,5,1,softmax_β,0.5,"[4, 4, 2, 1, 1, 4, 2, 4]","[(1, 1), (2, 1), (3, 1), (3, 1), (3, 2), (3, 2), (4, 2), (4, 1), (5, 1)]"
244,5,1,softmax_β,0.5,"[3, 4, 4, 4, 2, 4]","[(1, 1), (1, 1), (2, 1), (3, 1), (4, 1), (4, 1), (5, 1)]"
245,5,1,softmax_β,0.5,"[4, 1, 2, 3, 4, 3, 1, 2, 1, 1, 1, 2, 4, 2, 4, 4, 4, 4, 2]","[(1, 1), (2, 1), (2, 2), (2, 1), (1, 1), (2, 1), (1, 1), (1, 2), (1, 1), (1, 2), (1, 3), (1, 4), (1, 3), (2, 3), (2, 2), (3, 2), (4, 2), (5, 2), (5, 2), (5, 1)]"
246,5,1,softmax_β,0.5,"[4, 4, 4, 4]","[(1, 1), (2, 1), (3, 1), (4, 1), (5, 1)]"
247,5,1,softmax_β,0.5,"[2, 4, 2, 1, 4, 3, 4, 2, 4, 4]","[(1, 1), (1, 1), (2, 1), (2, 1), (2, 2), (3, 2), (2, 2), (3, 2), (3, 1), (4, 1), (5, 1)]"
248,5,1,softmax_β,0.5,"[4, 4, 4, 4]","[(1, 1), (2, 1), (3, 1), (4, 1), (5, 1)]"
249,5,1,softmax_β,0.5,"[3, 4, 4, 4, 3, 3, 2, 1, 3, 1, 4, 2, 4, 2, 4, 2, 2, 2, 3, 2, 4, 2, 2, 4]","[(1, 1), (1, 1), (2, 1), (3, 1), (4, 1), (3, 1), (2, 1), (2, 1), (2, 2), (1, 2), (1, 3), (2, 3), (2, 2), (3, 2), (3, 1), (4, 1), (4, 1), (4, 1), (4, 1), (3, 1), (3, 1), (4, 1), (4, 1), (4, 1), (5, 1)]"
250,5,1,softmax_β,0.5,"[4, 2, 4, 1, 2, 4, 4]","[(1, 1), (2, 1), (2, 1), (3, 1), (3, 2), (3, 1), (4, 1), (5, 1)]"
251,5,1,softmax_β,1.0,"[2, 3, 3, 3, 3, 3, 4, 3, 4, 4, 4, 4]","[(1, 1), (1, 1), (1, 1), (1, 1), (1, 1), (1, 1), (1, 1), (2, 1), (1, 1), (2, 1), (3, 1), (4, 1), (5, 1)]"
252,5,1,softmax_β,1.0,"[3, 1, 3, 3, 2, 1, 4, 4, 2, 4, 4]","[(1, 1), (1, 1), (1, 2), (1, 2), (1, 2), (1, 1), (1, 2), (2, 2), (3, 2), (3, 1), (4, 1), (5, 1)]"
253,5,1,softmax_β,1.0,"[4, 4, 4, 2, 4]","[(1, 1), (2, 1), (3, 1), (4, 1), (4, 1), (5, 1)]"
254,5,1,softmax_β,1.0,"[4, 4, 2, 4, 4]","[(1, 1), (2, 1), (3, 1), (3, 1), (4, 1), (5, 1)]"
255,5,1,softmax_β,1.0,"[4, 4, 3, 2, 2, 1, 3, 4, 4, 4, 4, 2]","[(1, 1), (2, 1), (3, 1), (2, 1), (2, 1), (2, 1), (2, 2), (1, 2), (2, 2), (3, 2), (4, 2), (5, 2), (5, 1)]"
256,5,1,softmax_β,1.0,"[4, 4, 3, 4, 4, 4]","[(1, 1), (2, 1), (3, 1), (2, 1), (3, 1), (4, 1), (5, 1)]"
257,5,1,softmax_β,1.0,"[4, 2, 1, 4, 2, 1, 1, 2, 4, 4]","[(1, 1), (2, 1), (2, 1), (2, 2), (3, 2), (3, 1), (3, 2), (3, 2), (3, 1), (4, 1), (5, 1)]"
258,5,1,softmax_β,1.0,"[2, 4, 3, 1, 1, 3, 2, 4, 2, 4, 4, 3, 3, 4, 4, 4]","[(1, 1), (1, 1), (2, 1), (1, 1), (1, 2), (1, 3), (1, 3), (1, 2), (2, 2), (2, 1), (3, 1), (4, 1), (3, 1), (2, 1), (3, 1), (4, 1), (5, 1)]"
259,5,1,softmax_β,1.0,"[3, 4, 4, 3, 4, 3, 1, 2, 4, 4, 4]","[(1, 1), (1, 1), (2, 1), (3, 1), (2, 1), (3, 1), (2, 1), (2, 2), (2, 1), (3, 1), (4, 1), (5, 1)]"
260,5,1,softmax_β,1.0,"[3, 4, 1, 4, 4, 4, 2]","[(1, 1), (1, 1), (2, 1), (2, 2), (3, 2), (4, 2), (5, 2), (5, 1)]"
261,5,1,softmax_β,1.0,"[4, 4, 4, 4]","[(1, 1), (2, 1), (3, 1), (4, 1), (5, 1)]"
262,5,1,softmax_β,1.0,"[3, 4, 1, 1, 2, 4, 2, 2, 2, 4, 4]","[(1, 1), (1, 1), (2, 1), (2, 2), (2, 3), (2, 2), (3, 2), (3, 1), (3, 1), (3, 1), (4, 1), (5, 1)]"
263,5,1,softmax_β,1.0,"[4, 2, 4, 4, 4]","[(1, 1), (2, 1), (2, 1), (3, 1), (4, 1), (5, 1)]"
264,5,1,softmax_β,1.0,"[4, 4, 1, 2, 1, 3, 4, 1, 2, 2, 4, 4]","[(1, 1), (2, 1), (3, 1), (3, 2), (3, 1), (3, 2), (2, 2), (3, 2), (3, 2), (3, 1), (3, 1), (4, 1), (5, 1)]"
265,5,1,softmax_β,1.0,"[2, 4, 4, 4, 2, 3, 4, 4]","[(1, 1), (1, 1), (2, 1), (3, 1), (4, 1), (4, 1), (3, 1), (4, 1), (5, 1)]"
266,5,1,softmax_β,1.0,"[4, 2, 2, 4, 4, 4]","[(1, 1), (2, 1), (2, 1), (2, 1), (3, 1), (4, 1), (5, 1)]"
267,5,1,softmax_β,1.0,"[2, 2, 2, 4, 4, 2, 4, 4]","[(1, 1), (1, 1), (1, 1), (1, 1), (2, 1), (3, 1), (3, 1), (4, 1), (5, 1)]"
268,5,1,softmax_β,1.0,"[2, 2, 4, 1, 4, 2, 4, 2, 4]","[(1, 1), (1, 1), (1, 1), (2, 1), (2, 2), (3, 2), (3, 1), (4, 1), (4, 1), (5, 1)]"
269,5,1,softmax_β,1.0,"[3, 4, 4, 2, 4, 4]","[(1, 1), (1, 1), (2, 1), (3, 1), (3, 1), (4, 1), (5, 1)]"
270,5,1,softmax_β,1.0,"[4, 2, 4, 2, 4, 2, 4]","[(1, 1), (2, 1), (2, 1), (3, 1), (3, 1), (4, 1), (4, 1), (5, 1)]"
271,5,1,softmax_β,1.0,"[4, 2, 4, 2, 2, 1, 4, 3, 2, 3, 1, 1, 4, 4, 4, 2, 4, 3, 4, 4, 2, 4]","[(1, 1), (2, 1), (2, 1), (3, 1), (3, 1), (3, 1), (3, 2), (4, 2), (3, 2), (3, 1), (2, 1), (2, 2), (2, 3), (2, 3), (2, 3), (2, 3), (2, 2), (3, 2), (2, 2), (3, 2), (4, 2), (4, 1), (5, 1)]"
272,5,1,softmax_β,1.0,"[4, 1, 3, 2, 4, 4, 3, 3, 2, 4, 4, 4, 3, 4, 4]","[(1, 1), (2, 1), (2, 2), (1, 2), (1, 1), (2, 1), (3, 1), (2, 1), (1, 1), (1, 1), (2, 1), (3, 1), (4, 1), (3, 1), (4, 1), (5, 1)]"
273,5,1,softmax_β,1.0,"[2, 4, 4, 2, 4, 3, 2, 2, 2, 2, 4, 4]","[(1, 1), (1, 1), (2, 1), (3, 1), (3, 1), (4, 1), (3, 1), (3, 1), (3, 1), (3, 1), (3, 1), (4, 1), (5, 1)]"
274,5,1,softmax_β,1.0,"[3, 4, 4, 4, 4]","[(1, 1), (1, 1), (2, 1), (3, 1), (4, 1), (5, 1)]"
275,5,1,softmax_β,1.0,"[3, 3, 3, 4, 4, 1, 4, 4, 2]","[(1, 1), (1, 1), (1, 1), (1, 1), (2, 1), (3, 1), (3, 2), (4, 2), (5, 2), (5, 1)]"
276,5,1,softmax_β,1.0,"[4, 4, 4, 4]","[(1, 1), (2, 1), (3, 1), (4, 1), (5, 1)]"
277,5,1,softmax_β,1.0,"[3, 2, 2, 2, 4, 4, 4, 4]","[(1, 1), (1, 1), (1, 1), (1, 1), (1, 1), (2, 1), (3, 1), (4, 1), (5, 1)]"
278,5,1,softmax_β,1.0,"[4, 4, 4, 1, 2, 4]","[(1, 1), (2, 1), (3, 1), (4, 1), (4, 2), (4, 1), (5, 1)]"
279,5,1,softmax_β,1.0,"[2, 4, 3, 4, 2, 4, 2, 3, 4, 1, 3, 2, 4, 3, 4, 4, 2, 2, 4]","[(1, 1), (1, 1), (2, 1), (1, 1), (2, 1), (2, 1), (3, 1), (3, 1), (2, 1), (3, 1), (3, 2), (2, 2), (2, 1), (3, 1), (2, 1), (3, 1), (4, 1), (4, 1), (4, 1), (5, 1)]"
280,5,1,softmax_β,1.0,"[2, 4, 4, 4, 4]","[(1, 1), (1, 1), (2, 1), (3, 1), (4, 1), (5, 1)]"
281,5,1,softmax_β,1.0,"[4, 4, 4, 2, 1, 3, 2, 4, 4]","[(1, 1), (2, 1), (3, 1), (4, 1), (4, 1), (4, 2), (3, 2), (3, 1), (4, 1), (5, 1)]"
282,5,1,softmax_β,1.0,"[2, 2, 4, 4, 2, 2, 3, 1, 4, 2, 3, 4, 2, 4, 2, 4]","[(1, 1), (1, 1), (1, 1), (2, 1), (3, 1), (3, 1), (3, 1), (2, 1), (2, 2), (3, 2), (3, 1), (2, 1), (3, 1), (3, 1), (4, 1), (4, 1), (5, 1)]"
283,5,1,softmax_β,1.0,"[4, 1, 2, 1, 4, 2, 2, 4, 2, 4]","[(1, 1), (2, 1), (2, 2), (2, 1), (2, 2), (3, 2), (3, 1), (3, 1), (4, 1), (4, 1), (5, 1)]"
284,5,1,softmax_β,1.0,"[1, 1, 2, 1, 2, 4, 4, 4, 4, 2]","[(1, 1), (1, 2), (1, 3), (1, 2), (1, 3), (1, 2), (2, 2), (3, 2), (4, 2), (5, 2), (5, 1)]"
285,5,1,softmax_β,1.0,"[3, 2, 2, 3, 4, 3, 2, 2, 4, 4, 2, 1, 2, 4, 3, 4, 1, 4, 2]","[(1, 1), (1, 1), (1, 1), (1, 1), (1, 1), (2, 1), (1, 1), (1, 1), (1, 1), (2, 1), (3, 1), (3, 1), (3, 2), (3, 1), (4, 1), (3, 1), (4, 1), (4, 2), (5, 2), (5, 1)]"
286,5,1,softmax_β,1.0,"[4, 4, 2, 4, 2, 4]","[(1, 1), (2, 1), (3, 1), (3, 1), (4, 1), (4, 1), (5, 1)]"
287,5,1,softmax_β,1.0,"[2, 4, 4, 3, 1, 2, 2, 1, 4, 1, 1, 4, 4, 4, 2]","[(1, 1), (1, 1), (2, 1), (3, 1), (2, 1), (2, 2), (2, 1), (2, 1), (2, 2), (3, 2), (3, 2), (3, 2), (4, 2), (5, 2), (5, 2), (5, 1)]"
288,5,1,softmax_β,1.0,"[4, 2, 4, 4, 4]","[(1, 1), (2, 1), (2, 1), (3, 1), (4, 1), (5, 1)]"
289,5,1,softmax_β,1.0,"[3, 4, 2, 2, 4, 4, 4]","[(1, 1), (1, 1), (2, 1), (2, 1), (2, 1), (3, 1), (4, 1), (5, 1)]"
290,5,1,softmax_β,1.0,"[1, 3, 3, 1, 2, 4, 4, 2, 4, 4]","[(1, 1), (1, 2), (1, 2), (1, 2), (1, 3), (1, 2), (2, 2), (3, 2), (3, 1), (4, 1), (5, 1)]"
291,5,1,softmax_β,1.0,"[4, 2, 4, 1, 3, 2, 1, 2, 4, 4, 4]","[(1, 1), (2, 1), (2, 1), (3, 1), (3, 2), (2, 2), (2, 1), (2, 2), (2, 1), (3, 1), (4, 1), (5, 1)]"
292,5,1,softmax_β,1.0,"[4, 2, 4, 4, 4]","[(1, 1), (2, 1), (2, 1), (3, 1), (4, 1), (5, 1)]"
293,5,1,softmax_β,1.0,"[3, 4, 3, 4, 4, 4, 4]","[(1, 1), (1, 1), (2, 1), (1, 1), (2, 1), (3, 1), (4, 1), (5, 1)]"
294,5,1,softmax_β,1.0,"[2, 4, 4, 4, 2, 1, 2, 4]","[(1, 1), (1, 1), (2, 1), (3, 1), (4, 1), (4, 1), (4, 2), (4, 1), (5, 1)]"
295,5,1,softmax_β,1.0,"[3, 4, 4, 4, 3, 3, 3, 4, 3, 3, 4, 4, 1, 1, 3, 4, 1, 4, 2, 4]","[(1, 1), (1, 1), (2, 1), (3, 1), (4, 1), (3, 1), (2, 1), (1, 1), (2, 1), (1, 1), (1, 1), (2, 1), (3, 1), (3, 2), (3, 2), (2, 2), (3, 2), (3, 2), (4, 2), (4, 1), (5, 1)]"
296,5,1,softmax_β,1.0,"[2, 4, 1, 4, 4, 2, 3, 4, 4]","[(1, 1), (1, 1), (2, 1), (2, 2), (3, 2), (4, 2), (4, 1), (3, 1), (4, 1), (5, 1)]"
297,5,1,softmax_β,1.0,"[4, 2, 4, 3, 4, 1, 2, 3, 4, 4, 4]","[(1, 1), (2, 1), (2, 1), (3, 1), (2, 1), (3, 1), (3, 2), (3, 1), (2, 1), (3, 1), (4, 1), (5, 1)]"
298,5,1,softmax_β,1.0,"[2, 2, 4, 3, 2, 4, 2, 3, 3, 4, 4, 4, 4]","[(1, 1), (1, 1), (1, 1), (2, 1), (1, 1), (1, 1), (2, 1), (2, 1), (1, 1), (1, 1), (2, 1), (3, 1), (4, 1), (5, 1)]"
299,5,1,softmax_β,1.0,"[4, 2, 4, 1, 1, 1, 2, 2, 4, 4]","[(1, 1), (2, 1), (2, 1), (3, 1), (3, 2), (3, 2), (3, 2), (3, 1), (3, 1), (4, 1), (5, 1)]"
300,5,1,softmax_β,1.0,"[4, 4, 4, 4]","[(1, 1), (2, 1), (3, 1), (4, 1), (5, 1)]"
301,5,1,softmax_β,2.0,"[4, 2, 4, 4, 4]","[(1, 1), (2, 1), (2, 1), (3, 1), (4, 1), (5, 1)]"
302,5,1,softmax_β,2.0,"[4, 4, 4, 4]","[(1, 1), (2, 1), (3, 1), (4, 1), (5, 1)]"
303,5,1,softmax_β,2.0,"[3, 4, 2, 4, 4, 4]","[(1, 1), (1, 1), (2, 1), (2, 1), (3, 1), (4, 1), (5, 1)]"
304,5,1,softmax_β,2.0,"[1, 4, 4, 2, 4, 4]","[(1, 1), (1, 2), (2, 2), (3, 2), (3, 1), (4, 1), (5, 1)]"
305,5,1,softmax_β,2.0,"[4, 4, 4, 4]","[(1, 1), (2, 1), (3, 1), (4, 1), (5, 1)]"
306,5,1,softmax_β,2.0,"[4, 4, 4, 4]","[(1, 1), (2, 1), (3, 1), (4, 1), (5, 1)]"
307,5,1,softmax_β,2.0,"[3, 2, 4, 4, 4, 4]","[(1, 1), (1, 1), (1, 1), (2, 1), (3, 1), (4, 1), (5, 1)]"
308,5,1,softmax_β,2.0,"[4, 4, 4, 2, 2, 4]","[(1, 1), (2, 1), (3, 1), (4, 1), (4, 1), (4, 1), (5, 1)]"
309,5,1,softmax_β,2.0,"[3, 4, 4, 4, 4]","[(1, 1), (1, 1), (2, 1), (3, 1), (4, 1), (5, 1)]"
310,5,1,softmax_β,2.0,"[4, 4, 4, 4]","[(1, 1), (2, 1), (3, 1), (4, 1), (5, 1)]"
311,5,1,softmax_β,2.0,"[4, 4, 4, 4]","[(1, 1), (2, 1), (3, 1), (4, 1), (5, 1)]"
312,5,1,softmax_β,2.0,"[3, 3, 4, 2, 4, 4, 4]","[(1, 1), (1, 1), (1, 1), (2, 1), (2, 1), (3, 1), (4, 1), (5, 1)]"
313,5,1,softmax_β,2.0,"[4, 4, 4, 4]","[(1, 1), (2, 1), (3, 1), (4, 1), (5, 1)]"
314,5,1,softmax_β,2.0,"[4, 4, 4, 4]","[(1, 1), (2, 1), (3, 1), (4, 1), (5, 1)]"
315,5,1,softmax_β,2.0,"[2, 4, 4, 3, 4, 4, 4]","[(1, 1), (1, 1), (2, 1), (3, 1), (2, 1), (3, 1), (4, 1), (5, 1)]"
316,5,1,softmax_β,2.0,"[3, 3, 3, 4, 1, 4, 2, 4, 4]","[(1, 1), (1, 1), (1, 1), (1, 1), (2, 1), (2, 2), (3, 2), (3, 1), (4, 1), (5, 1)]"
317,5,1,softmax_β,2.0,"[4, 4, 4, 4]","[(1, 1), (2, 1), (3, 1), (4, 1), (5, 1)]"
318,5,1,softmax_β,2.0,"[4, 4, 4, 4]","[(1, 1), (2, 1), (3, 1), (4, 1), (5, 1)]"
319,5,1,softmax_β,2.0,"[4, 4, 4, 4]","[(1, 1), (2, 1), (3, 1), (4, 1), (5, 1)]"
320,5,1,softmax_β,2.0,"[3, 1, 4, 1, 2, 4, 4, 2, 4]","[(1, 1), (1, 1), (1, 2), (2, 2), (2, 3), (2, 2), (3, 2), (4, 2), (4, 1), (5, 1)]"
321,5,1,softmax_β,2.0,"[4, 4, 4, 4]","[(1, 1), (2, 1), (3, 1), (4, 1), (5, 1)]"
322,5,1,softmax_β,2.0,"[3, 2, 4, 3, 4, 4, 4, 1, 4, 4, 2]","[(1, 1), (1, 1), (1, 1), (2, 1), (1, 1), (2, 1), (3, 1), (4, 1), (4, 2), (5, 2), (5, 2), (5, 1)]"
323,5,1,softmax_β,2.0,"[4, 4, 2, 4, 2, 2, 4]","[(1, 1), (2, 1), (3, 1), (3, 1), (4, 1), (4, 1), (4, 1), (5, 1)]"
324,5,1,softmax_β,2.0,"[3, 4, 4, 4, 2, 4]","[(1, 1), (1, 1), (2, 1), (3, 1), (4, 1), (4, 1), (5, 1)]"
325,5,1,softmax_β,2.0,"[2, 4, 4, 4, 4]","[(1, 1), (1, 1), (2, 1), (3, 1), (4, 1), (5, 1)]"
326,5,1,softmax_β,2.0,"[4, 2, 4, 4, 4]","[(1, 1), (2, 1), (2, 1), (3, 1), (4, 1), (5, 1)]"
327,5,1,softmax_β,2.0,"[4, 4, 3, 4, 4, 4]","[(1, 1), (2, 1), (3, 1), (2, 1), (3, 1), (4, 1), (5, 1)]"
328,5,1,softmax_β,2.0,"[2, 4, 4, 4, 2, 4]","[(1, 1), (1, 1), (2, 1), (3, 1), (4, 1), (4, 1), (5, 1)]"
329,5,1,softmax_β,2.0,"[4, 4, 4, 4]","[(1, 1), (2, 1), (3, 1), (4, 1), (5, 1)]"
330,5,1,softmax_β,2.0,"[2, 4, 4, 2, 4, 3, 4, 4]","[(1, 1), (1, 1), (2, 1), (3, 1), (3, 1), (4, 1), (3, 1), (4, 1), (5, 1)]"
331,5,1,softmax_β,2.0,"[2, 4, 2, 4, 4, 2, 2, 4]","[(1, 1), (1, 1), (2, 1), (2, 1), (3, 1), (4, 1), (4, 1), (4, 1), (5, 1)]"
332,5,1,softmax_β,2.0,"[4, 4, 2, 2, 2, 2, 4, 4]","[(1, 1), (2, 1), (3, 1), (3, 1), (3, 1), (3, 1), (3, 1), (4, 1), (5, 1)]"
333,5,1,softmax_β,2.0,"[4, 4, 4, 4]","[(1, 1), (2, 1), (3, 1), (4, 1), (5, 1)]"
334,5,1,softmax_β,2.0,"[4, 4, 4, 2, 4]","[(1, 1), (2, 1), (3, 1), (4, 1), (4, 1), (5, 1)]"
335,5,1,softmax_β,2.0,"[4, 4, 4, 4]","[(1, 1), (2, 1), (3, 1), (4, 1), (5, 1)]"
336,5,1,softmax_β,2.0,"[4, 2, 2, 4, 4, 4]","[(1, 1), (2, 1), (2, 1), (2, 1), (3, 1), (4, 1), (5, 1)]"
337,5,1,softmax_β,2.0,"[4, 4, 2, 4, 4]","[(1, 1), (2, 1), (3, 1), (3, 1), (4, 1), (5, 1)]"
338,5,1,softmax_β,2.0,"[4, 1, 2, 4, 4, 4]","[(1, 1), (2, 1), (2, 2), (2, 1), (3, 1), (4, 1), (5, 1)]"
339,5,1,softmax_β,2.0,"[2, 2, 2, 4, 4, 4, 4]","[(1, 1), (1, 1), (1, 1), (1, 1), (2, 1), (3, 1), (4, 1), (5, 1)]"
340,5,1,softmax_β,2.0,"[3, 4, 4, 4, 4]","[(1, 1), (1, 1), (2, 1), (3, 1), (4, 1), (5, 1)]"
341,5,1,softmax_β,2.0,"[4, 4, 1, 1, 2, 4, 4]","[(1, 1), (2, 1), (3, 1), (3, 2), (3, 2), (3, 1), (4, 1), (5, 1)]"
342,5,1,softmax_β,2.0,"[2, 4, 2, 4, 4, 4]","[(1, 1), (1, 1), (2, 1), (2, 1), (3, 1), (4, 1), (5, 1)]"
343,5,1,softmax_β,2.0,"[4, 4, 4, 4]","[(1, 1), (2, 1), (3, 1), (4, 1), (5, 1)]"
344,5,1,softmax_β,2.0,"[4, 4, 4, 4]","[(1, 1), (2, 1), (3, 1), (4, 1), (5, 1)]"
345,5,1,softmax_β,2.0,"[3, 4, 2, 2, 4, 4, 4]","[(1, 1), (1, 1), (2, 1), (2, 1), (2, 1), (3, 1), (4, 1), (5, 1)]"
346,5,1,softmax_β,2.0,"[3, 3, 2, 4, 4, 4, 4]","[(1, 1), (1, 1), (1, 1), (1, 1), (2, 1), (3, 1), (4, 1), (5, 1)]"
347,5,1,softmax_β,2.0,"[4, 3, 4, 4, 4, 2, 4]","[(1, 1), (2, 1), (1, 1), (2, 1), (3, 1), (4, 1), (4, 1), (5, 1)]"
348,5,1,softmax_β,2.0,"[4, 4, 2, 4, 4]","[(1, 1), (2, 1), (3, 1), (3, 1), (4, 1), (5, 1)]"
349,5,1,softmax_β,2.0,"[4, 4, 4, 4]","[(1, 1), (2, 1), (3, 1), (4, 1), (5, 1)]"
350,5,1,softmax_β,2.0,"[4, 4, 4, 4]","[(1, 1), (2, 1), (3, 1), (4, 1), (5, 1)]"
351,5,1,softmax_β,6.0,"[4, 4, 4, 4]","[(1, 1), (2, 1), (3, 1), (4, 1), (5, 1)]"
352,5,1,softmax_β,6.0,"[4, 4, 4, 4]","[(1, 1), (2, 1), (3, 1), (4, 1), (5, 1)]"
353,5,1,softmax_β,6.0,"[4, 4, 4, 4]","[(1, 1), (2, 1), (3, 1), (4, 1), (5, 1)]"
354,5,1,softmax_β,6.0,"[4, 4, 4, 4]","[(1, 1), (2, 1), (3, 1), (4, 1), (5, 1)]"
355,5,1,softmax_β,6.0,"[4, 4, 4, 4]","[(1, 1), (2, 1), (3, 1), (4, 1), (5, 1)]"
356,5,1,softmax_β,6.0,"[4, 4, 4, 4]","[(1, 1), (2, 1), (3, 1), (4, 1), (5, 1)]"
357,5,1,softmax_β,6.0,"[4, 4, 4, 4]","[(1, 1), (2, 1), (3, 1), (4, 1), (5, 1)]"
358,5,1,softmax_β,6.0,"[4, 4, 4, 4]","[(1, 1), (2, 1), (3, 1), (4, 1), (5, 1)]"
359,5,1,softmax_β,6.0,"[4, 4, 4, 4]","[(1, 1), (2, 1), (3, 1), (4, 1), (5, 1)]"
360,5,1,softmax_β,6.0,"[4, 4, 4, 4]","[(1, 1), (2, 1), (3, 1), (4, 1), (5, 1)]"
361,5,1,softmax_β,6.0,"[4, 4, 4, 4]","[(1, 1), (2, 1), (3, 1), (4, 1), (5, 1)]"
362,5,1,softmax_β,6.0,"[4, 4, 4, 4]","[(1, 1), (2, 1), (3, 1), (4, 1), (5, 1)]"
363,5,1,softmax_β,6.0,"[4, 4, 4, 4]","[(1, 1), (2, 1), (3, 1), (4, 1), (5, 1)]"
364,5,1,softmax_β,6.0,"[4, 4, 4, 4]","[(1, 1), (2, 1), (3, 1), (4, 1), (5, 1)]"
365,5,1,softmax_β,6.0,"[4, 4, 4, 4]","[(1, 1), (2, 1), (3, 1), (4, 1), (5, 1)]"
366,5,1,softmax_β,6.0,"[4, 4, 4, 4]","[(1, 1), (2, 1), (3, 1), (4, 1), (5, 1)]"
367,5,1,softmax_β,6.0,"[4, 4, 4, 4]","[(1, 1), (2, 1), (3, 1), (4, 1), (5, 1)]"
368,5,1,softmax_β,6.0,"[4, 4, 4, 4]","[(1, 1), (2, 1), (3, 1), (4, 1), (5, 1)]"
369,5,1,softmax_β,6.0,"[4, 4, 4, 4]","[(1, 1), (2, 1), (3, 1), (4, 1), (5, 1)]"
370,5,1,softmax_β,6.0,"[4, 4, 4, 4]","[(1, 1), (2, 1), (3, 1), (4, 1), (5, 1)]"
371,5,1,softmax_β,6.0,"[4, 4, 4, 4]","[(1, 1), (2, 1), (3, 1), (4, 1), (5, 1)]"
372,5,1,softmax_β,6.0,"[4, 4, 4, 4]","[(1, 1), (2, 1), (3, 1), (4, 1), (5, 1)]"
373,5,1,softmax_β,6.0,"[4, 4, 4, 4]","[(1, 1), (2, 1), (3, 1), (4, 1), (5, 1)]"
374,5,1,softmax_β,6.0,"[4, 4, 4, 4]","[(1, 1), (2, 1), (3, 1), (4, 1), (5, 1)]"
375,5,1,softmax_β,6.0,"[4, 4, 4, 4]","[(1, 1), (2, 1), (3, 1), (4, 1), (5, 1)]"
376,5,1,softmax_β,6.0,"[4, 4, 4, 4]","[(1, 1), (2, 1), (3, 1), (4, 1), (5, 1)]"
377,5,1,softmax_β,6.0,"[4, 4, 4, 4]","[(1, 1), (2, 1), (3, 1), (4, 1), (5, 1)]"
378,5,1,softmax_β,6.0,"[4, 4, 4, 4]","[(1, 1), (2, 1), (3, 1), (4, 1), (5, 1)]"
379,5,1,softmax_β,6.0,"[4, 4, 4, 4]","[(1, 1), (2, 1), (3, 1), (4, 1), (5, 1)]"
380,5,1,softmax_β,6.0,"[4, 4, 4, 4]","[(1, 1), (2, 1), (3, 1), (4, 1), (5, 1)]"
381,5,1,softmax_β,6.0,"[4, 4, 4, 4]","[(1, 1), (2, 1), (3, 1), (4, 1), (5, 1)]"
382,5,1,softmax_β,6.0,"[4, 4, 4, 4]","[(1, 1), (2, 1), (3, 1), (4, 1), (5, 1)]"
383,5,1,softmax_β,6.0,"[4, 4, 4, 4]","[(1, 1), (2, 1), (3, 1), (4, 1), (5, 1)]"
384,5,1,softmax_β,6.0,"[4, 4, 4, 4]","[(1, 1), (2, 1), (3, 1), (4, 1), (5, 1)]"
385,5,1,softmax_β,6.0,"[4, 4, 4, 4]","[(1, 1), (2, 1), (3, 1), (4, 1), (5, 1)]"
386,5,1,softmax_β,6.0,"[4, 4, 4, 4]","[(1, 1), (2, 1), (3, 1), (4, 1), (5, 1)]"
387,5,1,softmax_β,6.0,"[4, 4, 4, 4]","[(1, 1), (2, 1), (3, 1), (4, 1), (5, 1)]"
388,5,1,softmax_β,6.0,"[4, 4, 4, 4]","[(1, 1), (2, 1), (3, 1), (4, 1), (5, 1)]"
389,5,1,softmax_β,6.0,"[4, 4, 4, 4]","[(1, 1), (2, 1), (3, 1), (4, 1), (5, 1)]"
390,5,1,softmax_β,6.0,"[4, 4, 4, 4]","[(1, 1), (2, 1), (3, 1), (4, 1), (5, 1)]"
391,5,1,softmax_β,6.0,"[4, 4, 4, 4]","[(1, 1), (2, 1), (3, 1), (4, 1), (5, 1)]"
392,5,1,softmax_β,6.0,"[4, 4, 4, 4]","[(1, 1), (2, 1), (3, 1), (4, 1), (5, 1)]"
393,5,1,softmax_β,6.0,"[4, 4, 4, 4]","[(1, 1), (2, 1), (3, 1), (4, 1), (5, 1)]"
394,5,1,softmax_β,6.0,"[4, 4, 4, 4]","[(1, 1), (2, 1), (3, 1), (4, 1), (5, 1)]"
395,5,1,softmax_β,6.0,"[4, 4, 4, 4]","[(1, 1), (2, 1), (3, 1), (4, 1), (5, 1)]"
396,5,1,softmax_β,6.0,"[4, 4, 4, 4]","[(1, 1), (2, 1), (3, 1), (4, 1), (5, 1)]"
397,5,1,softmax_β,6.0,"[4, 4, 4, 4]","[(1, 1), (2, 1), (3, 1), (4, 1), (5, 1)]"
398,5,1,softmax_β,6.0,"[4, 4, 4, 4]","[(1, 1), (2, 1), (3, 1), (4, 1), (5, 1)]"
399,5,1,softmax_β,6.0,"[4, 4, 4, 4]","[(1, 1), (2, 1), (3, 1), (4, 1), (5, 1)]"
400,5,1,softmax_β,6.0,"[4, 4, 4, 4]","[(1, 1), (2, 1), (3, 1), (4, 1), (5, 1)]"
401,1,5,softmax_β,0.5,"[2, 1, 1, 3, 1, 3, 3, 1]","[(1, 1), (1, 1), (1, 2), (1, 3), (1, 3), (1, 4), (1, 4), (1, 4), (1, 5)]"
402,1,5,softmax_β,0.5,"[4, 3, 4, 1, 1, 2, 4, 3, 1, 3, 1, 1]","[(1, 1), (2, 1), (1, 1), (2, 1), (2, 2), (2, 3), (2, 2), (3, 2), (2, 2), (2, 3), (1, 3), (1, 4), (1, 5)]"
403,1,5,softmax_β,0.5,"[4, 1, 1, 1, 1, 4, 1, 3, 1, 3]","[(1, 1), (2, 1), (2, 2), (2, 3), (2, 4), (2, 5), (3, 5), (3, 5), (2, 5), (2, 5), (1, 5)]"
404,1,5,softmax_β,0.5,"[2, 2, 1, 2, 2, 2, 2, 1, 1, 1, 4, 4, 1, 2, 2, 3, 3, 4, 1, 1, 3]","[(1, 1), (1, 1), (1, 1), (1, 2), (1, 1), (1, 1), (1, 1), (1, 1), (1, 2), (1, 3), (1, 4), (2, 4), (3, 4), (3, 5), (3, 4), (3, 4), (2, 4), (1, 4), (2, 4), (2, 5), (2, 5), (1, 5)]"
405,1,5,softmax_β,0.5,"[1, 1, 2, 4, 2, 1, 1, 3, 1, 2, 1, 3, 1]","[(1, 1), (1, 2), (1, 3), (1, 2), (2, 2), (2, 1), (2, 2), (2, 3), (1, 3), (1, 4), (1, 3), (1, 4), (1, 4), (1, 5)]"
406,1,5,softmax_β,0.5,"[2, 2, 1, 1, 2, 3, 3, 1, 1, 3, 2, 4, 2, 3, 1, 3, 1, 1]","[(1, 1), (1, 1), (1, 1), (1, 2), (1, 3), (1, 2), (1, 2), (1, 2), (1, 3), (1, 4), (1, 4), (1, 3), (2, 3), (2, 2), (1, 2), (1, 3), (1, 3), (1, 4), (1, 5)]"
407,1,5,softmax_β,0.5,"[3, 1, 1, 1, 1]","[(1, 1), (1, 1), (1, 2), (1, 3), (1, 4), (1, 5)]"
408,1,5,softmax_β,0.5,"[2, 3, 1, 1, 1, 4, 3, 1]","[(1, 1), (1, 1), (1, 1), (1, 2), (1, 3), (1, 4), (2, 4), (1, 4), (1, 5)]"
409,1,5,softmax_β,0.5,"[4, 3, 1, 3, 3, 1, 4, 3, 3, 4, 1, 1, 1, 3]","[(1, 1), (2, 1), (1, 1), (1, 2), (1, 2), (1, 2), (1, 3), (2, 3), (1, 3), (1, 3), (2, 3), (2, 4), (2, 5), (2, 5), (1, 5)]"
410,1,5,softmax_β,0.5,"[1, 3, 1, 1, 1]","[(1, 1), (1, 2), (1, 2), (1, 3), (1, 4), (1, 5)]"
411,1,5,softmax_β,0.5,"[4, 3, 2, 4, 2, 2, 1, 4, 3, 2, 3, 1, 3, 2, 1, 2, 3, 1, 3, 4, 2, 3, 3, 2, 4, 4, 3, 1, 3, 1, 1, 1]","[(1, 1), (2, 1), (1, 1), (1, 1), (2, 1), (2, 1), (2, 1), (2, 2), (3, 2), (2, 2), (2, 1), (1, 1), (1, 2), (1, 2), (1, 1), (1, 2), (1, 1), (1, 1), (1, 2), (1, 2), (2, 2), (2, 1), (1, 1), (1, 1), (1, 1), (2, 1), (3, 1), (2, 1), (2, 2), (1, 2), (1, 3), (1, 4), (1, 5)]"
412,1,5,softmax_β,0.5,"[3, 3, 4, 3, 1, 2, 4, 1, 1, 3, 3, 3, 1, 4, 3, 1]","[(1, 1), (1, 1), (1, 1), (2, 1), (1, 1), (1, 2), (1, 1), (2, 1), (2, 2), (2, 3), (1, 3), (1, 3), (1, 3), (1, 4), (2, 4), (1, 4), (1, 5)]"
413,1,5,softmax_β,0.5,"[2, 4, 4, 4, 4, 1, 1, 3, 4, 4, 4, 4, 3, 1, 2, 1, 4, 2, 4, 3, 4, 1, 4, 3, 4, 1, 3, 1, 3, 3, 1, 3]","[(1, 1), (1, 1), (2, 1), (3, 1), (4, 1), (5, 1), (5, 2), (5, 3), (4, 3), (5, 3), (5, 3), (5, 3), (5, 3), (4, 3), (4, 4), (4, 3), (4, 4), (5, 4), (5, 3), (5, 3), (4, 3), (5, 3), (5, 4), (5, 4), (4, 4), (5, 4), (5, 5), (4, 5), (4, 5), (3, 5), (2, 5), (2, 5), (1, 5)]"
414,1,5,softmax_β,0.5,"[1, 2, 1, 2, 1, 2, 1, 2, 3, 2, 1, 1, 3, 2, 3, 4, 2, 1, 2, 1, 3, 1, 3, 4, 3, 1, 1]","[(1, 1), (1, 2), (1, 1), (1, 2), (1, 1), (1, 2), (1, 1), (1, 2), (1, 1), (1, 1), (1, 1), (1, 2), (1, 3), (1, 3), (1, 2), (1, 2), (2, 2), (2, 1), (2, 2), (2, 1), (2, 2), (1, 2), (1, 3), (1, 3), (2, 3), (1, 3), (1, 4), (1, 5)]"
415,1,5,softmax_β,0.5,"[4, 3, 3, 1, 1, 4, 2, 4, 3, 3, 4, 1, 3, 1, 1]","[(1, 1), (2, 1), (1, 1), (1, 1), (1, 2), (1, 3), (2, 3), (2, 2), (3, 2), (2, 2), (1, 2), (2, 2), (2, 3), (1, 3), (1, 4), (1, 5)]"
416,1,5,softmax_β,0.5,"[2, 4, 3, 1, 1, 2, 3, 3, 1, 3, 1, 4, 1, 3]","[(1, 1), (1, 1), (2, 1), (1, 1), (1, 2), (1, 3), (1, 2), (1, 2), (1, 2), (1, 3), (1, 3), (1, 4), (2, 4), (2, 5), (1, 5)]"
417,1,5,softmax_β,0.5,"[4, 1, 4, 1, 4, 3, 3, 2, 3, 4, 2, 2, 2, 3, 3, 1, 1, 3, 1, 3, 1]","[(1, 1), (2, 1), (2, 2), (3, 2), (3, 2), (4, 2), (3, 2), (2, 2), (2, 1), (1, 1), (2, 1), (2, 1), (2, 1), (2, 1), (1, 1), (1, 1), (1, 2), (1, 3), (1, 3), (1, 4), (1, 4), (1, 5)]"
418,1,5,softmax_β,0.5,"[2, 3, 2, 1, 2, 1, 1, 3, 4, 1, 1, 2, 3, 4, 3, 1]","[(1, 1), (1, 1), (1, 1), (1, 1), (1, 2), (1, 1), (1, 2), (1, 3), (1, 3), (2, 3), (2, 4), (2, 5), (2, 4), (1, 4), (2, 4), (1, 4), (1, 5)]"
419,1,5,softmax_β,0.5,"[4, 3, 2, 1, 1, 2, 4, 4, 1, 3, 4, 3, 1, 3, 2, 3, 2, 1, 2, 2, 1, 1, 1, 1]","[(1, 1), (2, 1), (1, 1), (1, 1), (1, 2), (1, 3), (1, 2), (2, 2), (3, 2), (3, 2), (2, 2), (3, 2), (2, 2), (2, 3), (1, 3), (1, 2), (1, 2), (1, 1), (1, 2), (1, 1), (1, 1), (1, 2), (1, 3), (1, 4), (1, 5)]"
420,1,5,softmax_β,0.5,"[1, 1, 1, 1]","[(1, 1), (1, 2), (1, 3), (1, 4), (1, 5)]"
421,1,5,softmax_β,0.5,"[1, 1, 3, 1, 2, 2, 1, 4, 1, 4, 4, 2, 2, 3, 2, 1, 3, 4, 3, 3, 1, 3, 4, 2, 3, 1, 3, 2, 1, 3, 4, 3, 2, 1, 2, 1, 3, 3, 3, 3, 1, 3, 1]","[(1, 1), (1, 2), (1, 3), (1, 3), (1, 4), (1, 3), (1, 2), (1, 3), (2, 3), (2, 4), (3, 4), (4, 4), (4, 3), (4, 2), (3, 2), (3, 1), (3, 2), (2, 2), (3, 2), (2, 2), (1, 2), (1, 3), (1, 3), (2, 3), (2, 2), (1, 2), (1, 3), (1, 3), (1, 2), (1, 3), (1, 3), (2, 3), (1, 3), (1, 2), (1, 3), (1, 2), (1, 3), (1, 3), (1, 3), (1, 3), (1, 3), (1, 4), (1, 4), (1, 5)]"
422,1,5,softmax_β,0.5,"[2, 1, 3, 1, 1, 3, 4, 3, 1]","[(1, 1), (1, 1), (1, 2), (1, 2), (1, 3), (1, 4), (1, 4), (2, 4), (1, 4), (1, 5)]"
423,1,5,softmax_β,0.5,"[2, 4, 1, 2, 4, 3, 1, 3, 3, 1, 1, 3, 3, 1]","[(1, 1), (1, 1), (2, 1), (2, 2), (2, 1), (3, 1), (2, 1), (2, 2), (1, 2), (1, 2), (1, 3), (1, 4), (1, 4), (1, 4), (1, 5)]"
424,1,5,softmax_β,0.5,"[1, 2, 4, 2, 4, 1, 1, 3, 1, 1, 1, 3]","[(1, 1), (1, 2), (1, 1), (2, 1), (2, 1), (3, 1), (3, 2), (3, 2), (2, 2), (2, 3), (2, 4), (2, 5), (1, 5)]"
425,1,5,softmax_β,0.5,"[3, 3, 1, 2, 1, 3, 3, 2, 2, 1, 3, 3, 3, 1, 1, 1]","[(1, 1), (1, 1), (1, 1), (1, 2), (1, 1), (1, 2), (1, 2), (1, 2), (1, 1), (1, 1), (1, 2), (1, 2), (1, 2), (1, 2), (1, 3), (1, 4), (1, 5)]"
426,1,5,softmax_β,0.5,"[3, 4, 3, 2, 3, 1, 3, 1, 1, 1]","[(1, 1), (1, 1), (2, 1), (1, 1), (1, 1), (1, 1), (1, 2), (1, 2), (1, 3), (1, 4), (1, 5)]"
427,1,5,softmax_β,0.5,"[2, 2, 4, 4, 4, 1, 4, 4, 4, 1, 3, 1, 3, 3, 4, 1, 3, 3]","[(1, 1), (1, 1), (1, 1), (2, 1), (3, 1), (4, 1), (4, 2), (5, 2), (5, 2), (5, 2), (5, 3), (4, 3), (4, 4), (3, 4), (2, 4), (3, 4), (3, 5), (2, 5), (1, 5)]"
428,1,5,softmax_β,0.5,"[2, 1, 2, 1, 1, 2, 2, 1, 3, 1, 2, 1, 3, 1, 3, 1]","[(1, 1), (1, 1), (1, 2), (1, 1), (1, 2), (1, 3), (1, 2), (1, 1), (1, 2), (1, 2), (1, 3), (1, 2), (1, 3), (1, 3), (1, 4), (1, 4), (1, 5)]"
429,1,5,softmax_β,0.5,"[1, 4, 3, 1, 4, 3, 4, 4, 1, 3, 1]","[(1, 1), (1, 2), (2, 2), (1, 2), (1, 3), (2, 3), (1, 3), (2, 3), (2, 3), (2, 4), (1, 4), (1, 5)]"
430,1,5,softmax_β,0.5,"[1, 1, 3, 3, 2, 1, 4, 4, 3, 3, 2, 1, 1, 2, 4, 1, 4, 3, 3, 1]","[(1, 1), (1, 2), (1, 3), (1, 3), (1, 3), (1, 2), (1, 3), (2, 3), (2, 3), (1, 3), (1, 3), (1, 2), (1, 3), (1, 4), (1, 3), (2, 3), (2, 4), (3, 4), (2, 4), (1, 4), (1, 5)]"
431,1,5,softmax_β,0.5,"[2, 4, 3, 2, 1, 1, 1, 1]","[(1, 1), (1, 1), (2, 1), (1, 1), (1, 1), (1, 2), (1, 3), (1, 4), (1, 5)]"
432,1,5,softmax_β,0.5,"[1, 1, 1, 1]","[(1, 1), (1, 2), (1, 3), (1, 4), (1, 5)]"
433,1,5,softmax_β,0.5,"[2, 2, 2, 2, 1, 1, 3, 2, 2, 4, 3, 1, 1, 1, 2, 1, 1]","[(1, 1), (1, 1), (1, 1), (1, 1), (1, 1), (1, 2), (1, 3), (1, 3), (1, 2), (1, 1), (2, 1), (1, 1), (1, 2), (1, 3), (1, 4), (1, 3), (1, 4), (1, 5)]"
434,1,5,softmax_β,0.5,"[4, 2, 1, 4, 1, 1, 1, 4, 1, 3, 1, 1, 1, 3, 1, 3, 2, 3, 3, 2, 4, 4, 3, 1, 3, 4, 3, 4, 3, 3, 1]","[(1, 1), (2, 1), (2, 1), (2, 2), (3, 2), (3, 2), (3, 2), (3, 2), (4, 2), (4, 3), (4, 3), (4, 4), (4, 5), (4, 5), (3, 5), (3, 5), (2, 5), (2, 4), (1, 4), (1, 4), (1, 3), (2, 3), (2, 3), (1, 3), (1, 4), (1, 4), (2, 4), (1, 4), (2, 4), (1, 4), (1, 4), (1, 5)]"
435,1,5,softmax_β,0.5,"[2, 3, 4, 3, 4, 4, 3, 4, 1, 3, 3, 2, 4, 4, 4, 4, 4, 3, 1, 1, 3, 4, 4, 2, 3, 1, 2, 3, 3, 4, 3, 1, 1, 3, 1]","[(1, 1), (1, 1), (1, 1), (2, 1), (1, 1), (2, 1), (3, 1), (2, 1), (3, 1), (3, 2), (2, 2), (1, 2), (1, 1), (2, 1), (3, 1), (4, 1), (5, 1), (5, 1), (4, 1), (4, 2), (4, 3), (4, 3), (5, 3), (5, 3), (5, 2), (4, 2), (4, 3), (4, 2), (3, 2), (2, 2), (3, 2), (2, 2), (2, 3), (2, 4), (1, 4), (1, 5)]"
436,1,5,softmax_β,0.5,"[3, 2, 1, 3, 1, 3, 3, 1, 3, 3, 3, 1]","[(1, 1), (1, 1), (1, 1), (1, 2), (1, 2), (1, 3), (1, 3), (1, 3), (1, 4), (1, 4), (1, 4), (1, 4), (1, 5)]"
437,1,5,softmax_β,0.5,"[3, 2, 2, 4, 3, 1, 3, 4, 1, 1, 1, 4, 1, 3, 4, 3, 1, 1, 3]","[(1, 1), (1, 1), (1, 1), (1, 1), (2, 1), (1, 1), (1, 2), (1, 2), (2, 2), (2, 3), (2, 4), (2, 5), (3, 5), (3, 5), (2, 5), (3, 5), (2, 5), (2, 5), (2, 5), (1, 5)]"
438,1,5,softmax_β,0.5,"[1, 3, 2, 2, 4, 3, 3, 1, 1, 3, 4, 4, 4, 3, 1, 2, 3, 3, 3, 2, 1, 1, 1]","[(1, 1), (1, 2), (1, 2), (1, 1), (1, 1), (2, 1), (1, 1), (1, 1), (1, 2), (1, 3), (1, 3), (2, 3), (2, 3), (2, 3), (1, 3), (1, 4), (1, 3), (1, 3), (1, 3), (1, 3), (1, 2), (1, 3), (1, 4), (1, 5)]"
439,1,5,softmax_β,0.5,"[3, 4, 3, 2, 1, 3, 3, 4, 1, 1, 1, 1, 2, 3, 1]","[(1, 1), (1, 1), (2, 1), (1, 1), (1, 1), (1, 2), (1, 2), (1, 2), (2, 2), (2, 3), (2, 4), (2, 5), (2, 5), (2, 4), (1, 4), (1, 5)]"
440,1,5,softmax_β,0.5,"[1, 4, 4, 3, 1, 1, 2, 1, 3, 3, 1]","[(1, 1), (1, 2), (2, 2), (3, 2), (2, 2), (2, 3), (2, 4), (2, 3), (2, 4), (1, 4), (1, 4), (1, 5)]"
441,1,5,softmax_β,0.5,"[1, 4, 1, 4, 1, 1, 2, 4, 1, 1, 3, 4, 2, 2, 3, 1, 4, 1, 2, 3, 3, 4, 3, 1]","[(1, 1), (1, 2), (2, 2), (2, 3), (2, 3), (2, 4), (2, 5), (2, 4), (3, 4), (3, 5), (3, 5), (2, 5), (3, 5), (3, 4), (3, 4), (2, 4), (2, 5), (3, 5), (3, 5), (3, 4), (2, 4), (1, 4), (2, 4), (1, 4), (1, 5)]"
442,1,5,softmax_β,0.5,"[3, 1, 1, 3, 1, 1]","[(1, 1), (1, 1), (1, 2), (1, 3), (1, 3), (1, 4), (1, 5)]"
443,1,5,softmax_β,0.5,"[3, 2, 1, 3, 1, 1, 1]","[(1, 1), (1, 1), (1, 1), (1, 2), (1, 2), (1, 3), (1, 4), (1, 5)]"
444,1,5,softmax_β,0.5,"[4, 1, 4, 2, 1, 1, 3, 1, 3, 3, 4, 3, 4, 1, 1, 3]","[(1, 1), (2, 1), (2, 2), (3, 2), (3, 1), (3, 2), (3, 2), (2, 2), (2, 3), (1, 3), (1, 3), (2, 3), (1, 3), (2, 3), (2, 4), (2, 5), (1, 5)]"
445,1,5,softmax_β,0.5,"[4, 2, 3, 4, 1, 3, 3, 4, 3, 3, 4, 3, 2, 1, 1, 3, 4, 2, 4, 1, 3, 4, 1, 2, 1, 3, 4, 1, 3, 1, 3, 1, 1]","[(1, 1), (2, 1), (2, 1), (1, 1), (2, 1), (2, 2), (1, 2), (1, 2), (2, 2), (1, 2), (1, 2), (2, 2), (1, 2), (1, 1), (1, 2), (1, 3), (1, 3), (2, 3), (2, 2), (3, 2), (3, 2), (2, 2), (3, 2), (3, 2), (3, 1), (3, 2), (2, 2), (3, 2), (3, 2), (2, 2), (2, 3), (1, 3), (1, 4), (1, 5)]"
446,1,5,softmax_β,0.5,"[4, 2, 3, 3, 1, 1, 1, 3, 1]","[(1, 1), (2, 1), (2, 1), (1, 1), (1, 1), (1, 2), (1, 3), (1, 4), (1, 4), (1, 5)]"
447,1,5,softmax_β,0.5,"[1, 4, 4, 1, 1, 1, 4, 1, 1, 1, 3, 4, 3, 2, 3, 4, 4, 3, 4, 4, 3, 4, 1, 1, 2, 3, 3, 3, 2, 1, 2, 2, 1, 1, 1, 3]","[(1, 1), (1, 2), (2, 2), (3, 2), (3, 2), (3, 2), (3, 2), (4, 2), (4, 3), (4, 4), (4, 5), (3, 5), (4, 5), (3, 5), (3, 4), (2, 4), (3, 4), (4, 4), (3, 4), (4, 4), (5, 4), (4, 4), (5, 4), (5, 5), (5, 5), (5, 4), (4, 4), (3, 4), (2, 4), (2, 3), (2, 4), (2, 3), (2, 2), (2, 3), (2, 4), (2, 5), (1, 5)]"
448,1,5,softmax_β,0.5,"[3, 3, 2, 4, 2, 1, 3, 2, 3, 2, 1, 1, 4, 4, 3, 3, 4, 4, 4, 2, 1, 4, 2, 4, 3, 4, 3, 1, 2, 3, 1, 1, 4, 1, 4, 1, 4, 4, 1, 3, 1, 2, 1, 3, 3, 3]","[(1, 1), (1, 1), (1, 1), (1, 1), (2, 1), (2, 1), (2, 2), (1, 2), (1, 1), (1, 1), (1, 1), (1, 2), (1, 3), (2, 3), (2, 3), (1, 3), (1, 3), (2, 3), (2, 3), (2, 3), (2, 2), (2, 3), (2, 3), (2, 2), (3, 2), (2, 2), (3, 2), (2, 2), (2, 3), (2, 2), (1, 2), (1, 3), (1, 4), (2, 4), (2, 5), (3, 5), (3, 5), (4, 5), (5, 5), (5, 5), (4, 5), (4, 5), (4, 4), (4, 5), (3, 5), (2, 5), (1, 5)]"
449,1,5,softmax_β,0.5,"[1, 1, 2, 2, 1, 2, 3, 2, 1, 1, 1, 3, 1]","[(1, 1), (1, 2), (1, 3), (1, 2), (1, 1), (1, 2), (1, 1), (1, 1), (1, 1), (1, 2), (1, 3), (1, 4), (1, 4), (1, 5)]"
450,1,5,softmax_β,0.5,"[1, 3, 3, 2, 4, 2, 4, 1, 1, 2, 1, 3, 1, 3, 3, 4, 3, 2, 3, 1, 3, 4, 2, 1, 1, 3, 2, 3, 1, 1]","[(1, 1), (1, 2), (1, 2), (1, 2), (1, 1), (2, 1), (2, 1), (3, 1), (3, 2), (3, 2), (3, 1), (3, 2), (2, 2), (2, 3), (1, 3), (1, 3), (2, 3), (1, 3), (1, 2), (1, 2), (1, 3), (1, 3), (2, 3), (2, 2), (2, 3), (2, 4), (1, 4), (1, 3), (1, 3), (1, 4), (1, 5)]"
451,1,5,softmax_β,1.0,"[4, 3, 2, 2, 4, 2, 4, 3, 3, 4, 2, 3, 1, 1, 3, 1, 1]","[(1, 1), (2, 1), (1, 1), (1, 1), (1, 1), (2, 1), (2, 1), (3, 1), (2, 1), (1, 1), (2, 1), (2, 1), (1, 1), (1, 2), (1, 3), (1, 3), (1, 4), (1, 5)]"
452,1,5,softmax_β,1.0,"[2, 3, 1, 3, 1, 4, 3, 1, 3, 1]","[(1, 1), (1, 1), (1, 1), (1, 2), (1, 2), (1, 3), (2, 3), (1, 3), (1, 4), (1, 4), (1, 5)]"
453,1,5,softmax_β,1.0,"[1, 1, 1, 1]","[(1, 1), (1, 2), (1, 3), (1, 4), (1, 5)]"
454,1,5,softmax_β,1.0,"[3, 3, 1, 3, 1, 3, 1, 2, 4, 2, 1, 3, 1, 1]","[(1, 1), (1, 1), (1, 1), (1, 2), (1, 2), (1, 3), (1, 3), (1, 4), (1, 3), (2, 3), (2, 2), (2, 3), (1, 3), (1, 4), (1, 5)]"
455,1,5,softmax_β,1.0,"[4, 1, 3, 1, 3, 1, 1]","[(1, 1), (2, 1), (2, 2), (1, 2), (1, 3), (1, 3), (1, 4), (1, 5)]"
456,1,5,softmax_β,1.0,"[2, 1, 1, 1, 1]","[(1, 1), (1, 1), (1, 2), (1, 3), (1, 4), (1, 5)]"
457,1,5,softmax_β,1.0,"[3, 2, 1, 3, 3, 1, 1, 1]","[(1, 1), (1, 1), (1, 1), (1, 2), (1, 2), (1, 2), (1, 3), (1, 4), (1, 5)]"
458,1,5,softmax_β,1.0,"[2, 3, 3, 3, 4, 1, 3, 3, 3, 1, 1, 1]","[(1, 1), (1, 1), (1, 1), (1, 1), (1, 1), (2, 1), (2, 2), (1, 2), (1, 2), (1, 2), (1, 3), (1, 4), (1, 5)]"
459,1,5,softmax_β,1.0,"[3, 4, 3, 3, 3, 1, 3, 4, 3, 1, 2, 1, 1, 1]","[(1, 1), (1, 1), (2, 1), (1, 1), (1, 1), (1, 1), (1, 2), (1, 2), (2, 2), (1, 2), (1, 3), (1, 2), (1, 3), (1, 4), (1, 5)]"
460,1,5,softmax_β,1.0,"[1, 2, 3, 3, 1, 1, 1, 1]","[(1, 1), (1, 2), (1, 1), (1, 1), (1, 1), (1, 2), (1, 3), (1, 4), (1, 5)]"
461,1,5,softmax_β,1.0,"[3, 4, 1, 4, 1, 4, 1, 1, 3, 3, 1, 3]","[(1, 1), (1, 1), (2, 1), (2, 2), (3, 2), (3, 2), (4, 2), (4, 3), (4, 4), (3, 4), (2, 4), (2, 5), (1, 5)]"
462,1,5,softmax_β,1.0,"[1, 1, 4, 2, 1, 1, 1, 3]","[(1, 1), (1, 2), (1, 3), (2, 3), (2, 2), (2, 3), (2, 4), (2, 5), (1, 5)]"
463,1,5,softmax_β,1.0,"[1, 1, 1, 1]","[(1, 1), (1, 2), (1, 3), (1, 4), (1, 5)]"
464,1,5,softmax_β,1.0,"[1, 3, 1, 2, 1, 1, 1]","[(1, 1), (1, 2), (1, 2), (1, 3), (1, 2), (1, 3), (1, 4), (1, 5)]"
465,1,5,softmax_β,1.0,"[4, 1, 3, 1, 1, 1]","[(1, 1), (2, 1), (2, 2), (1, 2), (1, 3), (1, 4), (1, 5)]"
466,1,5,softmax_β,1.0,"[2, 4, 3, 1, 4, 2, 2, 1, 4, 3, 3, 1, 1, 2, 2, 1, 4, 3, 1, 1]","[(1, 1), (1, 1), (2, 1), (1, 1), (1, 2), (2, 2), (2, 1), (2, 1), (2, 2), (3, 2), (2, 2), (1, 2), (1, 3), (1, 4), (1, 3), (1, 2), (1, 3), (2, 3), (1, 3), (1, 4), (1, 5)]"
467,1,5,softmax_β,1.0,"[3, 1, 1, 1, 3, 1]","[(1, 1), (1, 1), (1, 2), (1, 3), (1, 4), (1, 4), (1, 5)]"
468,1,5,softmax_β,1.0,"[1, 3, 4, 3, 1, 2, 1, 1, 3, 1]","[(1, 1), (1, 2), (1, 2), (2, 2), (1, 2), (1, 3), (1, 2), (1, 3), (1, 4), (1, 4), (1, 5)]"
469,1,5,softmax_β,1.0,"[2, 1, 3, 1, 1, 2, 1, 1]","[(1, 1), (1, 1), (1, 2), (1, 2), (1, 3), (1, 4), (1, 3), (1, 4), (1, 5)]"
470,1,5,softmax_β,1.0,"[2, 1, 3, 4, 3, 1, 3, 1, 3, 3, 1]","[(1, 1), (1, 1), (1, 2), (1, 2), (2, 2), (1, 2), (1, 3), (1, 3), (1, 4), (1, 4), (1, 4), (1, 5)]"
471,1,5,softmax_β,1.0,"[1, 1, 4, 3, 3, 3, 1, 1]","[(1, 1), (1, 2), (1, 3), (2, 3), (1, 3), (1, 3), (1, 3), (1, 4), (1, 5)]"
472,1,5,softmax_β,1.0,"[1, 1, 4, 1, 3, 1]","[(1, 1), (1, 2), (1, 3), (2, 3), (2, 4), (1, 4), (1, 5)]"
473,1,5,softmax_β,1.0,"[3, 4, 1, 1, 3, 2, 3, 1, 1, 1]","[(1, 1), (1, 1), (2, 1), (2, 2), (2, 3), (1, 3), (1, 2), (1, 2), (1, 3), (1, 4), (1, 5)]"
474,1,5,softmax_β,1.0,"[1, 4, 1, 1, 4, 3, 1, 1, 1, 4, 1, 3, 3]","[(1, 1), (1, 2), (2, 2), (2, 3), (2, 4), (3, 4), (2, 4), (2, 5), (2, 5), (2, 5), (3, 5), (3, 5), (2, 5), (1, 5)]"
475,1,5,softmax_β,1.0,"[1, 3, 1, 1, 1]","[(1, 1), (1, 2), (1, 2), (1, 3), (1, 4), (1, 5)]"
476,1,5,softmax_β,1.0,"[4, 4, 3, 2, 3, 1, 1, 1, 1]","[(1, 1), (2, 1), (3, 1), (2, 1), (2, 1), (1, 1), (1, 2), (1, 3), (1, 4), (1, 5)]"
477,1,5,softmax_β,1.0,"[3, 1, 1, 1, 3, 2, 1, 1]","[(1, 1), (1, 1), (1, 2), (1, 3), (1, 4), (1, 4), (1, 3), (1, 4), (1, 5)]"
478,1,5,softmax_β,1.0,"[1, 1, 1, 2, 2, 1, 3, 2, 2, 3, 1, 3, 1, 3, 1, 4, 1, 3]","[(1, 1), (1, 2), (1, 3), (1, 4), (1, 3), (1, 2), (1, 3), (1, 3), (1, 2), (1, 1), (1, 1), (1, 2), (1, 2), (1, 3), (1, 3), (1, 4), (2, 4), (2, 5), (1, 5)]"
479,1,5,softmax_β,1.0,"[2, 1, 3, 1, 3, 1, 4, 3, 2, 1, 3, 1]","[(1, 1), (1, 1), (1, 2), (1, 2), (1, 3), (1, 3), (1, 4), (2, 4), (1, 4), (1, 3), (1, 4), (1, 4), (1, 5)]"
480,1,5,softmax_β,1.0,"[1, 2, 4, 2, 3, 2, 3, 1, 3, 4, 2, 1, 1, 4, 1, 3, 1]","[(1, 1), (1, 2), (1, 1), (2, 1), (2, 1), (1, 1), (1, 1), (1, 1), (1, 2), (1, 2), (2, 2), (2, 1), (2, 2), (2, 3), (2, 3), (2, 4), (1, 4), (1, 5)]"
481,1,5,softmax_β,1.0,"[4, 1, 3, 1, 1, 1]","[(1, 1), (2, 1), (2, 2), (1, 2), (1, 3), (1, 4), (1, 5)]"
482,1,5,softmax_β,1.0,"[4, 1, 3, 3, 4, 3, 3, 1, 1, 3, 1]","[(1, 1), (2, 1), (2, 2), (1, 2), (1, 2), (2, 2), (1, 2), (1, 2), (1, 3), (1, 4), (1, 4), (1, 5)]"
483,1,5,softmax_β,1.0,"[1, 1, 1, 3, 1]","[(1, 1), (1, 2), (1, 3), (1, 4), (1, 4), (1, 5)]"
484,1,5,softmax_β,1.0,"[1, 3, 3, 1, 4, 1, 1, 2, 1, 3]","[(1, 1), (1, 2), (1, 2), (1, 2), (1, 3), (2, 3), (2, 4), (2, 5), (2, 4), (2, 5), (1, 5)]"
485,1,5,softmax_β,1.0,"[1, 1, 2, 1, 3, 1, 1]","[(1, 1), (1, 2), (1, 3), (1, 2), (1, 3), (1, 3), (1, 4), (1, 5)]"
486,1,5,softmax_β,1.0,"[2, 4, 1, 3, 3, 1, 1, 1]","[(1, 1), (1, 1), (2, 1), (2, 2), (1, 2), (1, 2), (1, 3), (1, 4), (1, 5)]"
487,1,5,softmax_β,1.0,"[4, 2, 1, 3, 3, 3, 1, 4, 4, 1, 2, 1, 3, 1]","[(1, 1), (2, 1), (2, 1), (2, 2), (1, 2), (1, 2), (1, 2), (1, 3), (2, 3), (2, 3), (2, 4), (2, 3), (2, 4), (1, 4), (1, 5)]"
488,1,5,softmax_β,1.0,"[1, 2, 2, 1, 1, 1, 4, 4, 3, 1, 2, 3, 1]","[(1, 1), (1, 2), (1, 1), (1, 1), (1, 2), (1, 3), (1, 4), (2, 4), (3, 4), (2, 4), (2, 5), (2, 4), (1, 4), (1, 5)]"
489,1,5,softmax_β,1.0,"[2, 3, 2, 2, 2, 3, 1, 2, 1, 1, 1, 1]","[(1, 1), (1, 1), (1, 1), (1, 1), (1, 1), (1, 1), (1, 1), (1, 2), (1, 1), (1, 2), (1, 3), (1, 4), (1, 5)]"
490,1,5,softmax_β,1.0,"[1, 4, 1, 3, 3, 2, 1, 1, 1]","[(1, 1), (1, 2), (2, 2), (2, 3), (1, 3), (1, 3), (1, 2), (1, 3), (1, 4), (1, 5)]"
491,1,5,softmax_β,1.0,"[1, 2, 4, 2, 3, 4, 2, 3, 1, 4, 1, 2, 1, 4, 1, 1, 3]","[(1, 1), (1, 2), (1, 1), (2, 1), (2, 1), (1, 1), (2, 1), (2, 1), (1, 1), (1, 2), (2, 2), (2, 3), (2, 2), (2, 3), (2, 3), (2, 4), (2, 5), (1, 5)]"
492,1,5,softmax_β,1.0,"[4, 3, 3, 1, 2, 4, 1, 1, 3, 1, 1]","[(1, 1), (2, 1), (1, 1), (1, 1), (1, 2), (1, 1), (2, 1), (2, 2), (2, 3), (1, 3), (1, 4), (1, 5)]"
493,1,5,softmax_β,1.0,"[2, 1, 3, 1, 2, 2, 1, 2, 3, 3, 2, 4, 3, 2, 3, 3, 4, 3, 1, 2, 1, 1, 1, 1]","[(1, 1), (1, 1), (1, 2), (1, 2), (1, 3), (1, 2), (1, 1), (1, 2), (1, 1), (1, 1), (1, 1), (1, 1), (2, 1), (1, 1), (1, 1), (1, 1), (1, 1), (2, 1), (1, 1), (1, 2), (1, 1), (1, 2), (1, 3), (1, 4), (1, 5)]"
494,1,5,softmax_β,1.0,"[3, 1, 1, 1, 1]","[(1, 1), (1, 1), (1, 2), (1, 3), (1, 4), (1, 5)]"
495,1,5,softmax_β,1.0,"[1, 1, 1, 1]","[(1, 1), (1, 2), (1, 3), (1, 4), (1, 5)]"
496,1,5,softmax_β,1.0,"[1, 1, 2, 1, 1, 1]","[(1, 1), (1, 2), (1, 3), (1, 2), (1, 3), (1, 4), (1, 5)]"
497,1,5,softmax_β,1.0,"[1, 1, 1, 4, 1, 3]","[(1, 1), (1, 2), (1, 3), (1, 4), (2, 4), (2, 5), (1, 5)]"
498,1,5,softmax_β,1.0,"[2, 1, 1, 1, 3, 1]","[(1, 1), (1, 1), (1, 2), (1, 3), (1, 4), (1, 4), (1, 5)]"
499,1,5,softmax_β,1.0,"[3, 3, 4, 3, 2, 1, 3, 1, 3, 2, 1, 2, 1, 1, 1]","[(1, 1), (1, 1), (1, 1), (2, 1), (1, 1), (1, 1), (1, 2), (1, 2), (1, 3), (1, 3), (1, 2), (1, 3), (1, 2), (1, 3), (1, 4), (1, 5)]"
500,1,5,softmax_β,1.0,"[1, 1, 3, 4, 3, 1, 3, 3, 1]","[(1, 1), (1, 2), (1, 3), (1, 3), (2, 3), (1, 3), (1, 4), (1, 4), (1, 4), (1, 5)]"
501,1,5,softmax_β,2.0,"[1, 3, 1, 1, 1]","[(1, 1), (1, 2), (1, 2), (1, 3), (1, 4), (1, 5)]"
502,1,5,softmax_β,2.0,"[1, 1, 1, 1]","[(1, 1), (1, 2), (1, 3), (1, 4), (1, 5)]"
503,1,5,softmax_β,2.0,"[1, 1, 3, 1, 1]","[(1, 1), (1, 2), (1, 3), (1, 3), (1, 4), (1, 5)]"
504,1,5,softmax_β,2.0,"[1, 1, 1, 1]","[(1, 1), (1, 2), (1, 3), (1, 4), (1, 5)]"
505,1,5,softmax_β,2.0,"[3, 2, 4, 3, 1, 1, 1, 3, 1]","[(1, 1), (1, 1), (1, 1), (2, 1), (1, 1), (1, 2), (1, 3), (1, 4), (1, 4), (1, 5)]"
506,1,5,softmax_β,2.0,"[1, 1, 1, 1]","[(1, 1), (1, 2), (1, 3), (1, 4), (1, 5)]"
507,1,5,softmax_β,2.0,"[3, 3, 1, 1, 1, 4, 3, 1]","[(1, 1), (1, 1), (1, 1), (1, 2), (1, 3), (1, 4), (2, 4), (1, 4), (1, 5)]"
508,1,5,softmax_β,2.0,"[1, 1, 1, 1]","[(1, 1), (1, 2), (1, 3), (1, 4), (1, 5)]"
509,1,5,softmax_β,2.0,"[2, 1, 1, 1, 1]","[(1, 1), (1, 1), (1, 2), (1, 3), (1, 4), (1, 5)]"
510,1,5,softmax_β,2.0,"[1, 1, 1, 1]","[(1, 1), (1, 2), (1, 3), (1, 4), (1, 5)]"
511,1,5,softmax_β,2.0,"[1, 1, 1, 1]","[(1, 1), (1, 2), (1, 3), (1, 4), (1, 5)]"
512,1,5,softmax_β,2.0,"[3, 1, 4, 3, 1, 1, 1]","[(1, 1), (1, 1), (1, 2), (2, 2), (1, 2), (1, 3), (1, 4), (1, 5)]"
513,1,5,softmax_β,2.0,"[2, 1, 1, 2, 1, 3, 1, 1]","[(1, 1), (1, 1), (1, 2), (1, 3), (1, 2), (1, 3), (1, 3), (1, 4), (1, 5)]"
514,1,5,softmax_β,2.0,"[1, 2, 1, 1, 1, 4, 3, 3, 3, 1]","[(1, 1), (1, 2), (1, 1), (1, 2), (1, 3), (1, 4), (2, 4), (1, 4), (1, 4), (1, 4), (1, 5)]"
515,1,5,softmax_β,2.0,"[3, 3, 1, 1, 3, 1, 1]","[(1, 1), (1, 1), (1, 1), (1, 2), (1, 3), (1, 3), (1, 4), (1, 5)]"
516,1,5,softmax_β,2.0,"[3, 1, 1, 1, 1]","[(1, 1), (1, 1), (1, 2), (1, 3), (1, 4), (1, 5)]"
517,1,5,softmax_β,2.0,"[2, 1, 1, 1, 4, 1, 3]","[(1, 1), (1, 1), (1, 2), (1, 3), (1, 4), (2, 4), (2, 5), (1, 5)]"
518,1,5,softmax_β,2.0,"[1, 1, 1, 1]","[(1, 1), (1, 2), (1, 3), (1, 4), (1, 5)]"
519,1,5,softmax_β,2.0,"[2, 1, 1, 1, 1]","[(1, 1), (1, 1), (1, 2), (1, 3), (1, 4), (1, 5)]"
520,1,5,softmax_β,2.0,"[1, 1, 3, 1, 1]","[(1, 1), (1, 2), (1, 3), (1, 3), (1, 4), (1, 5)]"
521,1,5,softmax_β,2.0,"[1, 1, 1, 1]","[(1, 1), (1, 2), (1, 3), (1, 4), (1, 5)]"
522,1,5,softmax_β,2.0,"[1, 1, 1, 1]","[(1, 1), (1, 2), (1, 3), (1, 4), (1, 5)]"
523,1,5,softmax_β,2.0,"[1, 1, 2, 1, 1, 1]","[(1, 1), (1, 2), (1, 3), (1, 2), (1, 3), (1, 4), (1, 5)]"
524,1,5,softmax_β,2.0,"[1, 3, 1, 1, 1]","[(1, 1), (1, 2), (1, 2), (1, 3), (1, 4), (1, 5)]"
525,1,5,softmax_β,2.0,"[1, 1, 1, 1]","[(1, 1), (1, 2), (1, 3), (1, 4), (1, 5)]"
526,1,5,softmax_β,2.0,"[3, 1, 3, 1, 1, 1]","[(1, 1), (1, 1), (1, 2), (1, 2), (1, 3), (1, 4), (1, 5)]"
527,1,5,softmax_β,2.0,"[1, 1, 1, 1]","[(1, 1), (1, 2), (1, 3), (1, 4), (1, 5)]"
528,1,5,softmax_β,2.0,"[3, 1, 1, 1, 1]","[(1, 1), (1, 1), (1, 2), (1, 3), (1, 4), (1, 5)]"
529,1,5,softmax_β,2.0,"[1, 1, 1, 1]","[(1, 1), (1, 2), (1, 3), (1, 4), (1, 5)]"
530,1,5,softmax_β,2.0,"[4, 3, 1, 1, 1, 1]","[(1, 1), (2, 1), (1, 1), (1, 2), (1, 3), (1, 4), (1, 5)]"
531,1,5,softmax_β,2.0,"[2, 1, 1, 3, 1, 1]","[(1, 1), (1, 1), (1, 2), (1, 3), (1, 3), (1, 4), (1, 5)]"
532,1,5,softmax_β,2.0,"[1, 4, 3, 1, 3, 1, 1]","[(1, 1), (1, 2), (2, 2), (1, 2), (1, 3), (1, 3), (1, 4), (1, 5)]"
533,1,5,softmax_β,2.0,"[3, 1, 3, 1, 1, 4, 3, 1]","[(1, 1), (1, 1), (1, 2), (1, 2), (1, 3), (1, 4), (2, 4), (1, 4), (1, 5)]"
534,1,5,softmax_β,2.0,"[2, 1, 1, 1, 1]","[(1, 1), (1, 1), (1, 2), (1, 3), (1, 4), (1, 5)]"
535,1,5,softmax_β,2.0,"[1, 3, 1, 1, 1]","[(1, 1), (1, 2), (1, 2), (1, 3), (1, 4), (1, 5)]"
536,1,5,softmax_β,2.0,"[4, 1, 1, 3, 1, 1]","[(1, 1), (2, 1), (2, 2), (2, 3), (1, 3), (1, 4), (1, 5)]"
537,1,5,softmax_β,2.0,"[3, 1, 2, 3, 1, 1, 1, 1]","[(1, 1), (1, 1), (1, 2), (1, 1), (1, 1), (1, 2), (1, 3), (1, 4), (1, 5)]"
538,1,5,softmax_β,2.0,"[1, 1, 1, 1]","[(1, 1), (1, 2), (1, 3), (1, 4), (1, 5)]"
539,1,5,softmax_β,2.0,"[1, 3, 1, 1, 1]","[(1, 1), (1, 2), (1, 2), (1, 3), (1, 4), (1, 5)]"
540,1,5,softmax_β,2.0,"[1, 1, 1, 1]","[(1, 1), (1, 2), (1, 3), (1, 4), (1, 5)]"
541,1,5,softmax_β,2.0,"[1, 1, 1, 3, 1]","[(1, 1), (1, 2), (1, 3), (1, 4), (1, 4), (1, 5)]"
542,1,5,softmax_β,2.0,"[1, 1, 1, 2, 3, 1, 1]","[(1, 1), (1, 2), (1, 3), (1, 4), (1, 3), (1, 3), (1, 4), (1, 5)]"
543,1,5,softmax_β,2.0,"[1, 1, 3, 1, 1]","[(1, 1), (1, 2), (1, 3), (1, 3), (1, 4), (1, 5)]"
544,1,5,softmax_β,2.0,"[1, 1, 1, 3, 1]","[(1, 1), (1, 2), (1, 3), (1, 4), (1, 4), (1, 5)]"
545,1,5,softmax_β,2.0,"[1, 1, 1, 1]","[(1, 1), (1, 2), (1, 3), (1, 4), (1, 5)]"
546,1,5,softmax_β,2.0,"[2, 1, 3, 1, 1, 1]","[(1, 1), (1, 1), (1, 2), (1, 2), (1, 3), (1, 4), (1, 5)]"
547,1,5,softmax_β,2.0,"[1, 3, 1, 1, 1]","[(1, 1), (1, 2), (1, 2), (1, 3), (1, 4), (1, 5)]"
548,1,5,softmax_β,2.0,"[2, 1, 3, 1, 1, 3, 3, 1]","[(1, 1), (1, 1), (1, 2), (1, 2), (1, 3), (1, 4), (1, 4), (1, 4), (1, 5)]"
549,1,5,softmax_β,2.0,"[1, 1, 1, 1]","[(1, 1), (1, 2), (1, 3), (1, 4), (1, 5)]"
550,1,5,softmax_β,2.0,"[1, 1, 1, 1]","[(1, 1), (1, 2), (1, 3), (1, 4), (1, 5)]"
551,1,5,softmax_β,6.0,"[1, 1, 1, 1]","[(1, 1), (1, 2), (1, 3), (1, 4), (1, 5)]"
552,1,5,softmax_β,6.0,"[1, 1, 1, 1]","[(1, 1), (1, 2), (1, 3), (1, 4), (1, 5)]"
553,1,5,softmax_β,6.0,"[1, 1, 1, 1]","[(1, 1), (1, 2), (1, 3), (1, 4), (1, 5)]"
554,1,5,softmax_β,6.0,"[1, 1, 1, 1]","[(1, 1), (1, 2), (1, 3), (1, 4), (1, 5)]"
555,1,5,softmax_β,6.0,"[1, 1, 1, 1]","[(1, 1), (1, 2), (1, 3), (1, 4), (1, 5)]"
556,1,5,softmax_β,6.0,"[1, 1, 1, 1]","[(1, 1), (1, 2), (1, 3), (1, 4), (1, 5)]"
557,1,5,softmax_β,6.0,"[1, 1, 1, 1]","[(1, 1), (1, 2), (1, 3), (1, 4), (1, 5)]"
558,1,5,softmax_β,6.0,"[1, 1, 1, 1]","[(1, 1), (1, 2), (1, 3), (1, 4), (1, 5)]"
559,1,5,softmax_β,6.0,"[1, 1, 1, 1]","[(1, 1), (1, 2), (1, 3), (1, 4), (1, 5)]"
560,1,5,softmax_β,6.0,"[1, 1, 1, 1]","[(1, 1), (1, 2), (1, 3), (1, 4), (1, 5)]"
561,1,5,softmax_β,6.0,"[1, 1, 1, 1]","[(1, 1), (1, 2), (1, 3), (1, 4), (1, 5)]"
562,1,5,softmax_β,6.0,"[1, 1, 1, 1]","[(1, 1), (1, 2), (1, 3), (1, 4), (1, 5)]"
563,1,5,softmax_β,6.0,"[1, 1, 1, 1]","[(1, 1), (1, 2), (1, 3), (1, 4), (1, 5)]"
564,1,5,softmax_β,6.0,"[1, 1, 1, 1]","[(1, 1), (1, 2), (1, 3), (1, 4), (1, 5)]"
565,1,5,softmax_β,6.0,"[1, 1, 1, 1]","[(1, 1), (1, 2), (1, 3), (1, 4), (1, 5)]"
566,1,5,softmax_β,6.0,"[1, 1, 1, 1]","[(1, 1), (1, 2), (1, 3), (1, 4), (1, 5)]"
567,1,5,softmax_β,6.0,"[1, 1, 1, 1]","[(1, 1), (1, 2), (1, 3), (1, 4), (1, 5)]"
568,1,5,softmax_β,6.0,"[3, 1, 1, 1, 1]","[(1, 1), (1, 1), (1, 2), (1, 3), (1, 4), (1, 5)]"
569,1,5,softmax_β,6.0,"[1, 1, 1, 1]","[(1, 1), (1, 2), (1, 3), (1, 4), (1, 5)]"
570,1,5,softmax_β,6.0,"[1, 1, 1, 1]","[(1, 1), (1, 2), (1, 3), (1, 4), (1, 5)]"
571,1,5,softmax_β,6.0,"[1, 1, 1, 1]","[(1, 1), (1, 2), (1, 3), (1, 4), (1, 5)]"
572,1,5,softmax_β,6.0,"[1, 1, 1, 1]","[(1, 1), (1, 2), (1, 3), (1, 4), (1, 5)]"
573,1,5,softmax_β,6.0,"[1, 1, 1, 1]","[(1, 1), (1, 2), (1, 3), (1, 4), (1, 5)]"
574,1,5,softmax_β,6.0,"[1, 1, 1, 1]","[(1, 1), (1, 2), (1, 3), (1, 4), (1, 5)]"
575,1,5,softmax_β,6.0,"[1, 1, 1, 1]","[(1, 1), (1, 2), (1, 3), (1, 4), (1, 5)]"
576,1,5,softmax_β,6.0,"[1, 1, 1, 1]","[(1, 1), (1, 2), (1, 3), (1, 4), (1, 5)]"
577,1,5,softmax_β,6.0,"[1, 1, 1, 1]","[(1, 1), (1, 2), (1, 3), (1, 4), (1, 5)]"
578,1,5,softmax_β,6.0,"[1, 1, 1, 1]","[(1, 1), (1, 2), (1, 3), (1, 4), (1, 5)]"
579,1,5,softmax_β,6.0,"[1, 1, 1, 1]","[(1, 1), (1, 2), (1, 3), (1, 4), (1, 5)]"
580,1,5,softmax_β,6.0,"[1, 1, 1, 1]","[(1, 1), (1, 2), (1, 3), (1, 4), (1, 5)]"
581,1,5,softmax_β,6.0,"[1, 1, 1, 1]","[(1, 1), (1, 2), (1, 3), (1, 4), (1, 5)]"
582,1,5,softmax_β,6.0,"[1, 1, 1, 1]","[(1, 1), (1, 2), (1, 3), (1, 4), (1, 5)]"
583,1,5,softmax_β,6.0,"[1, 1, 1, 1]","[(1, 1), (1, 2), (1, 3), (1, 4), (1, 5)]"
584,1,5,softmax_β,6.0,"[1, 1, 1, 1]","[(1, 1), (1, 2), (1, 3), (1, 4), (1, 5)]"
585,1,5,softmax_β,6.0,"[1, 1, 1, 1]","[(1, 1), (1, 2), (1, 3), (1, 4), (1, 5)]"
586,1,5,softmax_β,6.0,"[1, 1, 1, 1]","[(1, 1), (1, 2), (1, 3), (1, 4), (1, 5)]"
587,1,5,softmax_β,6.0,"[1, 1, 1, 1]","[(1, 1), (1, 2), (1, 3), (1, 4), (1, 5)]"
588,1,5,softmax_β,6.0,"[1, 1, 1, 1]","[(1, 1), (1, 2), (1, 3), (1, 4), (1, 5)]"
589,1,5,softmax_β,6.0,"[1, 1, 1, 1]","[(1, 1), (1, 2), (1, 3), (1, 4), (1, 5)]"
590,1,5,softmax_β,6.0,"[1, 1, 1, 1]","[(1, 1), (1, 2), (1, 3), (1, 4), (1, 5)]"
591,1,5,softmax_β,6.0,"[1, 1, 1, 1]","[(1, 1), (1, 2), (1, 3), (1, 4), (1, 5)]"
592,1,5,softmax_β,6.0,"[1, 1, 1, 1]","[(1, 1), (1, 2), (1, 3), (1, 4), (1, 5)]"
593,1,5,softmax_β,6.0,"[1, 1, 1, 1]","[(1, 1), (1, 2), (1, 3), (1, 4), (1, 5)]"
594,1,5,softmax_β,6.0,"[1, 1, 1, 1]","[(1, 1), (1, 2), (1, 3), (1, 4), (1, 5)]"
595,1,5,softmax_β,6.0,"[1, 3, 1, 1, 1]","[(1, 1), (1, 2), (1, 2), (1, 3), (1, 4), (1, 5)]"
596,1,5,softmax_β,6.0,"[1, 1, 1, 1]","[(1, 1), (1, 2), (1, 3), (1, 4), (1, 5)]"
597,1,5,softmax_β,6.0,"[1, 1, 1, 1]","[(1, 1), (1, 2), (1, 3), (1, 4), (1, 5)]"
598,1,5,softmax_β,6.0,"[1, 1, 1, 1]","[(1, 1), (1, 2), (1, 3), (1, 4), (1, 5)]"
599,1,5,softmax_β,6.0,"[1, 1, 1, 1]","[(1, 1), (1, 2), (1, 3), (1, 4), (1, 5)]"
600,1,5,softmax_β,6.0,"[1, 1, 1, 1]","[(1, 1), (1, 2), (1, 3), (1, 4), (1, 5)]"
